sheet_row,old_job_number,agreement,client_type,council,job_sequence,lot_label,lot_number,notes,old_number_shared,postcode,project_number,project_type,respelled,skip_reason,source_stage,street,street_2,street_number,suburb,title_type,json
1,1200,PWA,Retail,City of Charles Sturt,1,Lot 611,611,,,5025,1001,residential,{'street_number': '#61'},,cancelling,Nelson Avenue,,61,Flinders Park,,"{""agreement"":""PWA"",""client_type"":""Retail"",""council"":""City of Charles Sturt"",""job_sequence"":1,""lot_label"":""Lot 611"",""lot_number"":""611"",""postcode"":""5025"",""project_number"":1001,""project_type"":""residential"",""respelled"":{""street_number"":""#61""},""source_stage"":""cancelling"",""street"":""Nelson Avenue"",""street_number"":""61"",""suburb"":""Flinders Park""}"
2,1230,Contract,Retail,City of Tea Tree Gully,1,,,,,5092,1002,residential,{'street_number': '#28'},,cancelling,Primmer Avenue,,28,Modbury North,,"{""agreement"":""Contract"",""client_type"":""Retail"",""council"":""City of Tea Tree Gully"",""job_sequence"":1,""postcode"":""5092"",""project_number"":1002,""project_type"":""residential"",""respelled"":{""street_number"":""#28""},""source_stage"":""cancelling"",""street"":""Primmer Avenue"",""street_number"":""28"",""suburb"":""Modbury North""}"
3,1339 - D1,PWA,Developer,City of West Torrens,1,Lot 1,1,,,5037,1003,residential,{'street_number': '#72'},,on hold,Birdwood Terrace,,72,North Plympton,community,"{""agreement"":""PWA"",""client_type"":""Developer"",""council"":""City of West Torrens"",""job_sequence"":1,""lot_label"":""Lot 1"",""lot_number"":""1"",""postcode"":""5037"",""project_number"":1003,""project_type"":""residential"",""respelled"":{""street_number"":""#72""},""source_stage"":""on hold"",""street"":""Birdwood Terrace"",""street_number"":""72"",""suburb"":""North Plympton"",""title_type"":""community""}"
4,1288,PWA,Retail,City of Tea Tree Gully,1,Lot 1,1,,True,5091,1004,residential,{'street_number': '#13'},,,Perserverance Road,,13,Tea Tree Gully,,"{""agreement"":""PWA"",""client_type"":""Retail"",""council"":""City of Tea Tree Gully"",""job_sequence"":1,""lot_label"":""Lot 1"",""lot_number"":""1"",""old_number_shared"":true,""postcode"":""5091"",""project_number"":1004,""project_type"":""residential"",""respelled"":{""street_number"":""#13""},""street"":""Perserverance Road"",""street_number"":""13"",""suburb"":""Tea Tree Gully""}"
5,1288,PWA,Retail,City of Tea Tree Gully,2,Lot 2,2,,True,5091,1004,residential,{'street_number': '#13'},,,Perserverance Road,,13,Tea Tree Gully,,"{""agreement"":""PWA"",""client_type"":""Retail"",""council"":""City of Tea Tree Gully"",""job_sequence"":2,""lot_label"":""Lot 2"",""lot_number"":""2"",""old_number_shared"":true,""postcode"":""5091"",""project_number"":1004,""project_type"":""residential"",""respelled"":{""street_number"":""#13""},""street"":""Perserverance Road"",""street_number"":""13"",""suburb"":""Tea Tree Gully""}"
6,1288,PWA,Retail,City of Tea Tree Gully,3,Lot 3,3,,True,5091,1004,residential,{'street_number': '#13'},,,Perserverance Road,,13,Tea Tree Gully,,"{""agreement"":""PWA"",""client_type"":""Retail"",""council"":""City of Tea Tree Gully"",""job_sequence"":3,""lot_label"":""Lot 3"",""lot_number"":""3"",""old_number_shared"":true,""postcode"":""5091"",""project_number"":1004,""project_type"":""residential"",""respelled"":{""street_number"":""#13""},""street"":""Perserverance Road"",""street_number"":""13"",""suburb"":""Tea Tree Gully""}"
7,1216 - D3,PWA,Developer,City of Salisbury,1,Lot 3,3,,,5098,1005,residential,{'street_number': '#30'},,cancelling,Luprena Avenue,,30,Ingle Farm,,"{""agreement"":""PWA"",""client_type"":""Developer"",""council"":""City of Salisbury"",""job_sequence"":1,""lot_label"":""Lot 3"",""lot_number"":""3"",""postcode"":""5098"",""project_number"":1005,""project_type"":""residential"",""respelled"":{""street_number"":""#30""},""source_stage"":""cancelling"",""street"":""Luprena Avenue"",""street_number"":""30"",""suburb"":""Ingle Farm""}"
8,1216 - D2,PWA,Developer,City of Salisbury,2,Lot 2,2,,,5098,1005,residential,{'street_number': '#30'},,cancelling,Luprena Avenue,,30,Ingle Farm,,"{""agreement"":""PWA"",""client_type"":""Developer"",""council"":""City of Salisbury"",""job_sequence"":2,""lot_label"":""Lot 2"",""lot_number"":""2"",""postcode"":""5098"",""project_number"":1005,""project_type"":""residential"",""respelled"":{""street_number"":""#30""},""source_stage"":""cancelling"",""street"":""Luprena Avenue"",""street_number"":""30"",""suburb"":""Ingle Farm""}"
9,1216 - D1,PWA,Developer,City of Salisbury,3,Lot 1,1,,,5098,1005,residential,{'street_number': '#30'},,cancelling,Luprena Avenue,,30,Ingle Farm,,"{""agreement"":""PWA"",""client_type"":""Developer"",""council"":""City of Salisbury"",""job_sequence"":3,""lot_label"":""Lot 1"",""lot_number"":""1"",""postcode"":""5098"",""project_number"":1005,""project_type"":""residential"",""respelled"":{""street_number"":""#30""},""source_stage"":""cancelling"",""street"":""Luprena Avenue"",""street_number"":""30"",""suburb"":""Ingle Farm""}"
10,1197 - D3,PWA,Developer,City of Port Adelaide Enfield,1,,,,,5088,1006,residential,{'street_number': '#1'},,cancelling,Waninga Drive,,1,Holden Hill,,"{""agreement"":""PWA"",""client_type"":""Developer"",""council"":""City of Port Adelaide Enfield"",""job_sequence"":1,""postcode"":""5088"",""project_number"":1006,""project_type"":""residential"",""respelled"":{""street_number"":""#1""},""source_stage"":""cancelling"",""street"":""Waninga Drive"",""street_number"":""1"",""suburb"":""Holden Hill""}"
11,1197 - D2,PWA,Developer,City of Port Adelaide Enfield,2,,,,,5088,1006,residential,{'street_number': '#1'},,cancelling,Waninga Drive,,1,Holden Hill,,"{""agreement"":""PWA"",""client_type"":""Developer"",""council"":""City of Port Adelaide Enfield"",""job_sequence"":2,""postcode"":""5088"",""project_number"":1006,""project_type"":""residential"",""respelled"":{""street_number"":""#1""},""source_stage"":""cancelling"",""street"":""Waninga Drive"",""street_number"":""1"",""suburb"":""Holden Hill""}"
12,1197 - D1,PWA,Developer,City of Port Adelaide Enfield,3,,,,,5088,1006,residential,{'street_number': '#1'},,cancelling,Waninga Drive,,1,Holden Hill,,"{""agreement"":""PWA"",""client_type"":""Developer"",""council"":""City of Port Adelaide Enfield"",""job_sequence"":3,""postcode"":""5088"",""project_number"":1006,""project_type"":""residential"",""respelled"":{""street_number"":""#1""},""source_stage"":""cancelling"",""street"":""Waninga Drive"",""street_number"":""1"",""suburb"":""Holden Hill""}"
13,1126 - D9,PWA,Developer,City of Onkaparinga,1,Lot 9,9,,,5165,1007,residential,{'street_number': '#13'},,cancelling,Hunt Crescent,,13,Christies Beach,community,"{""agreement"":""PWA"",""client_type"":""Developer"",""council"":""City of Onkaparinga"",""job_sequence"":1,""lot_label"":""Lot 9"",""lot_number"":""9"",""postcode"":""5165"",""project_number"":1007,""project_type"":""residential"",""respelled"":{""street_number"":""#13""},""source_stage"":""cancelling"",""street"":""Hunt Crescent"",""street_number"":""13"",""suburb"":""Christies Beach"",""title_type"":""community""}"
14,1126 - D8,PWA,Developer,City of Onkaparinga,2,Lot 8,8,,,5165,1007,residential,{'street_number': '#13'},,cancelling,Hunt Crescent,,13,Christies Beach,community,"{""agreement"":""PWA"",""client_type"":""Developer"",""council"":""City of Onkaparinga"",""job_sequence"":2,""lot_label"":""Lot 8"",""lot_number"":""8"",""postcode"":""5165"",""project_number"":1007,""project_type"":""residential"",""respelled"":{""street_number"":""#13""},""source_stage"":""cancelling"",""street"":""Hunt Crescent"",""street_number"":""13"",""suburb"":""Christies Beach"",""title_type"":""community""}"
15,1126 - D7,PWA,Developer,City of Onkaparinga,3,Lot 7,7,,,5165,1007,residential,{'street_number': '#13'},,cancelling,Hunt Crescent,,13,Christies Beach,community,"{""agreement"":""PWA"",""client_type"":""Developer"",""council"":""City of Onkaparinga"",""job_sequence"":3,""lot_label"":""Lot 7"",""lot_number"":""7"",""postcode"":""5165"",""project_number"":1007,""project_type"":""residential"",""respelled"":{""street_number"":""#13""},""source_stage"":""cancelling"",""street"":""Hunt Crescent"",""street_number"":""13"",""suburb"":""Christies Beach"",""title_type"":""community""}"
16,1126 - D6,PWA,Developer,City of Onkaparinga,4,Lot 6,6,,,5165,1007,residential,{'street_number': '#13'},,cancelling,Hunt Crescent,,13,Christies Beach,community,"{""agreement"":""PWA"",""client_type"":""Developer"",""council"":""City of Onkaparinga"",""job_sequence"":4,""lot_label"":""Lot 6"",""lot_number"":""6"",""postcode"":""5165"",""project_number"":1007,""project_type"":""residential"",""respelled"":{""street_number"":""#13""},""source_stage"":""cancelling"",""street"":""Hunt Crescent"",""street_number"":""13"",""suburb"":""Christies Beach"",""title_type"":""community""}"
17,1126 - D5,PWA,Developer,City of Onkaparinga,5,Lot 5,5,,,5165,1007,residential,{'street_number': '#13'},,cancelling,Hunt Crescent,,13,Christies Beach,community,"{""agreement"":""PWA"",""client_type"":""Developer"",""council"":""City of Onkaparinga"",""job_sequence"":5,""lot_label"":""Lot 5"",""lot_number"":""5"",""postcode"":""5165"",""project_number"":1007,""project_type"":""residential"",""respelled"":{""street_number"":""#13""},""source_stage"":""cancelling"",""street"":""Hunt Crescent"",""street_number"":""13"",""suburb"":""Christies Beach"",""title_type"":""community""}"
18,1126 - D4,PWA,Developer,City of Onkaparinga,6,Lot 4,4,,,5165,1007,residential,{'street_number': '#13'},,cancelling,Hunt Crescent,,13,Christies Beach,community,"{""agreement"":""PWA"",""client_type"":""Developer"",""council"":""City of Onkaparinga"",""job_sequence"":6,""lot_label"":""Lot 4"",""lot_number"":""4"",""postcode"":""5165"",""project_number"":1007,""project_type"":""residential"",""respelled"":{""street_number"":""#13""},""source_stage"":""cancelling"",""street"":""Hunt Crescent"",""street_number"":""13"",""suburb"":""Christies Beach"",""title_type"":""community""}"
19,1126 - D3,PWA,Developer,City of Onkaparinga,7,Lot 3,3,,,5165,1007,residential,{'street_number': '#13'},,cancelling,Hunt Crescent,,13,Christies Beach,community,"{""agreement"":""PWA"",""client_type"":""Developer"",""council"":""City of Onkaparinga"",""job_sequence"":7,""lot_label"":""Lot 3"",""lot_number"":""3"",""postcode"":""5165"",""project_number"":1007,""project_type"":""residential"",""respelled"":{""street_number"":""#13""},""source_stage"":""cancelling"",""street"":""Hunt Crescent"",""street_number"":""13"",""suburb"":""Christies Beach"",""title_type"":""community""}"
20,1126 - D2,PWA,Developer,City of Onkaparinga,8,Lot 2,2,,,5165,1007,residential,{'street_number': '#13'},,cancelling,Hunt Crescent,,13,Christies Beach,community,"{""agreement"":""PWA"",""client_type"":""Developer"",""council"":""City of Onkaparinga"",""job_sequence"":8,""lot_label"":""Lot 2"",""lot_number"":""2"",""postcode"":""5165"",""project_number"":1007,""project_type"":""residential"",""respelled"":{""street_number"":""#13""},""source_stage"":""cancelling"",""street"":""Hunt Crescent"",""street_number"":""13"",""suburb"":""Christies Beach"",""title_type"":""community""}"
21,1126 - D12,PWA,Developer,City of Onkaparinga,9,Lot 12,12,,,5165,1007,residential,{'street_number': '#13'},,cancelling,Hunt Crescent,,13,Christies Beach,community,"{""agreement"":""PWA"",""client_type"":""Developer"",""council"":""City of Onkaparinga"",""job_sequence"":9,""lot_label"":""Lot 12"",""lot_number"":""12"",""postcode"":""5165"",""project_number"":1007,""project_type"":""residential"",""respelled"":{""street_number"":""#13""},""source_stage"":""cancelling"",""street"":""Hunt Crescent"",""street_number"":""13"",""suburb"":""Christies Beach"",""title_type"":""community""}"
22,1126 - D11,PWA,Developer,City of Onkaparinga,10,Lot 11,11,,,5165,1007,residential,{'street_number': '#13'},,cancelling,Hunt Crescent,,13,Christies Beach,community,"{""agreement"":""PWA"",""client_type"":""Developer"",""council"":""City of Onkaparinga"",""job_sequence"":10,""lot_label"":""Lot 11"",""lot_number"":""11"",""postcode"":""5165"",""project_number"":1007,""project_type"":""residential"",""respelled"":{""street_number"":""#13""},""source_stage"":""cancelling"",""street"":""Hunt Crescent"",""street_number"":""13"",""suburb"":""Christies Beach"",""title_type"":""community""}"
23,1126 - D10,PWA,Developer,City of Onkaparinga,11,Lot 10,10,,,5165,1007,residential,{'street_number': '#13'},,cancelling,Hunt Crescent,,13,Christies Beach,community,"{""agreement"":""PWA"",""client_type"":""Developer"",""council"":""City of Onkaparinga"",""job_sequence"":11,""lot_label"":""Lot 10"",""lot_number"":""10"",""postcode"":""5165"",""project_number"":1007,""project_type"":""residential"",""respelled"":{""street_number"":""#13""},""source_stage"":""cancelling"",""street"":""Hunt Crescent"",""street_number"":""13"",""suburb"":""Christies Beach"",""title_type"":""community""}"
24,1126 - D1,PWA,Developer,City of Onkaparinga,12,Lot 1,1,,,5165,1007,residential,{'street_number': '#13'},,cancelling,Hunt Crescent,,13,Christies Beach,community,"{""agreement"":""PWA"",""client_type"":""Developer"",""council"":""City of Onkaparinga"",""job_sequence"":12,""lot_label"":""Lot 1"",""lot_number"":""1"",""postcode"":""5165"",""project_number"":1007,""project_type"":""residential"",""respelled"":{""street_number"":""#13""},""source_stage"":""cancelling"",""street"":""Hunt Crescent"",""street_number"":""13"",""suburb"":""Christies Beach"",""title_type"":""community""}"
25,1426,PWA,Retail,City of Salisbury,1,,,,,5096,1008,residential,,,cancelling,A Dennis Crescent,,5,Para Hills,,"{""agreement"":""PWA"",""client_type"":""Retail"",""council"":""City of Salisbury"",""job_sequence"":1,""postcode"":""5096"",""project_number"":1008,""project_type"":""residential"",""source_stage"":""cancelling"",""street"":""A Dennis Crescent"",""street_number"":""5"",""suburb"":""Para Hills""}"
26,1399,PWA,Developer,City of Norwood Payneham & St Peters,1,,,,True,5067,1009,residential,{'street_number': '#78'},,in doubt,Queen Street,,78,Norwood,,"{""agreement"":""PWA"",""client_type"":""Developer"",""council"":""City of Norwood Payneham & St Peters"",""job_sequence"":1,""old_number_shared"":true,""postcode"":""5067"",""project_number"":1009,""project_type"":""residential"",""respelled"":{""street_number"":""#78""},""source_stage"":""in doubt"",""street"":""Queen Street"",""street_number"":""78"",""suburb"":""Norwood""}"
27,1399,PWA,Developer,City of Norwood Payneham & St Peters,2,,,,True,5067,1009,residential,{'street_number': '#78'},,in doubt,Queen Street,,78,Norwood,,"{""agreement"":""PWA"",""client_type"":""Developer"",""council"":""City of Norwood Payneham & St Peters"",""job_sequence"":2,""old_number_shared"":true,""postcode"":""5067"",""project_number"":1009,""project_type"":""residential"",""respelled"":{""street_number"":""#78""},""source_stage"":""in doubt"",""street"":""Queen Street"",""street_number"":""78"",""suburb"":""Norwood""}"
28,1399,PWA,Developer,City of Norwood Payneham & St Peters,3,,,,True,5067,1009,residential,,,in doubt,Queen Street,,78,Norwood,,"{""agreement"":""PWA"",""client_type"":""Developer"",""council"":""City of Norwood Payneham & St Peters"",""job_sequence"":3,""old_number_shared"":true,""postcode"":""5067"",""project_number"":1009,""project_type"":""residential"",""source_stage"":""in doubt"",""street"":""Queen Street"",""street_number"":""78"",""suburb"":""Norwood""}"
29,1382,PWA,Developer,City of Port Adelaide Enfield,1,Lot 1,1,,True,5093,1010,residential,,,on hold,Nelson Road,,124,Valley View,,"{""agreement"":""PWA"",""client_type"":""Developer"",""council"":""City of Port Adelaide Enfield"",""job_sequence"":1,""lot_label"":""Lot 1"",""lot_number"":""1"",""old_number_shared"":true,""postcode"":""5093"",""project_number"":1010,""project_type"":""residential"",""source_stage"":""on hold"",""street"":""Nelson Road"",""street_number"":""124"",""suburb"":""Valley View""}"
30,1380,PWA,Retail,City of Unley,1,,,,,5063,1011,residential,,,in doubt,Cootra Avenue,,1a,Parkside,,"{""agreement"":""PWA"",""client_type"":""Retail"",""council"":""City of Unley"",""job_sequence"":1,""postcode"":""5063"",""project_number"":1011,""project_type"":""residential"",""source_stage"":""in doubt"",""street"":""Cootra Avenue"",""street_number"":""1a"",""suburb"":""Parkside""}"
31,1379,PWA,Retail,City of Unley,1,,,,,5063,1012,residential,,,in doubt,Wallis Street,,3,Parkside,,"{""agreement"":""PWA"",""client_type"":""Retail"",""council"":""City of Unley"",""job_sequence"":1,""postcode"":""5063"",""project_number"":1012,""project_type"":""residential"",""source_stage"":""in doubt"",""street"":""Wallis Street"",""street_number"":""3"",""suburb"":""Parkside""}"
32,1382,PWA,Developer,City of Port Adelaide Enfield,2,Lot 2,2,,True,5093,1010,residential,,,on hold,Nelson Road,,124,Valley View,,"{""agreement"":""PWA"",""client_type"":""Developer"",""council"":""City of Port Adelaide Enfield"",""job_sequence"":2,""lot_label"":""Lot 2"",""lot_number"":""2"",""old_number_shared"":true,""postcode"":""5093"",""project_number"":1010,""project_type"":""residential"",""source_stage"":""on hold"",""street"":""Nelson Road"",""street_number"":""124"",""suburb"":""Valley View""}"
33,1325,PWA,Retail,City of Marion,1,Lot 300,300,,,5043,1013,residential,{'street_number': '#137'},,cancelling,Bradley Grove,,137,Mitchell Park,,"{""agreement"":""PWA"",""client_type"":""Retail"",""council"":""City of Marion"",""job_sequence"":1,""lot_label"":""Lot 300"",""lot_number"":""300"",""postcode"":""5043"",""project_number"":1013,""project_type"":""residential"",""respelled"":{""street_number"":""#137""},""source_stage"":""cancelling"",""street"":""Bradley Grove"",""street_number"":""137"",""suburb"":""Mitchell Park""}"
34,1324,PWA,Retail,City of Marion,1,,,,,5046,1014,residential,{'street_number': '#4a'},,cancelling,Gangara Avenue,,4a,Warradale,,"{""agreement"":""PWA"",""client_type"":""Retail"",""council"":""City of Marion"",""job_sequence"":1,""postcode"":""5046"",""project_number"":1014,""project_type"":""residential"",""respelled"":{""street_number"":""#4a""},""source_stage"":""cancelling"",""street"":""Gangara Avenue"",""street_number"":""4a"",""suburb"":""Warradale""}"
35,1382,PWA,Developer,City of Port Adelaide Enfield,3,Lot 3,3,,True,5093,1010,residential,,,on hold,Nelson Road,,124,Valley View,,"{""agreement"":""PWA"",""client_type"":""Developer"",""council"":""City of Port Adelaide Enfield"",""job_sequence"":3,""lot_label"":""Lot 3"",""lot_number"":""3"",""old_number_shared"":true,""postcode"":""5093"",""project_number"":1010,""project_type"":""residential"",""source_stage"":""on hold"",""street"":""Nelson Road"",""street_number"":""124"",""suburb"":""Valley View""}"
36,1265,PWA,Retail,City of Marion,2,Lot 301,301,,,5043,1013,residential,{'street_number': '#137'},,cancelling,Bradley Grove,,137,Mitchell Park,,"{""agreement"":""PWA"",""client_type"":""Retail"",""council"":""City of Marion"",""job_sequence"":2,""lot_label"":""Lot 301"",""lot_number"":""301"",""postcode"":""5043"",""project_number"":1013,""project_type"":""residential"",""respelled"":{""street_number"":""#137""},""source_stage"":""cancelling"",""street"":""Bradley Grove"",""street_number"":""137"",""suburb"":""Mitchell Park""}"
37,1217,PWA,Retail,Campbelltown City Council,1,Lot 101,101,,,5074,1015,residential,{'street_number': '#6'},,cancelling,Kareda Drive,,6,Campbelltown,,"{""agreement"":""PWA"",""client_type"":""Retail"",""council"":""Campbelltown City Council"",""job_sequence"":1,""lot_label"":""Lot 101"",""lot_number"":""101"",""postcode"":""5074"",""project_number"":1015,""project_type"":""residential"",""respelled"":{""street_number"":""#6""},""source_stage"":""cancelling"",""street"":""Kareda Drive"",""street_number"":""6"",""suburb"":""Campbelltown""}"
38,,PWA,Developer,Campbelltown City Council,1,Lot 1,1,,,5075,1016,residential,{'street_number': '#12'},,cancelling,Foster Avenue,,12,Paradise,,"{""agreement"":""PWA"",""client_type"":""Developer"",""council"":""Campbelltown City Council"",""job_sequence"":1,""lot_label"":""Lot 1"",""lot_number"":""1"",""postcode"":""5075"",""project_number"":1016,""project_type"":""residential"",""respelled"":{""street_number"":""#12""},""source_stage"":""cancelling"",""street"":""Foster Avenue"",""street_number"":""12"",""suburb"":""Paradise""}"
39,,PWA,Developer,Campbelltown City Council,2,Lot 2,2,,,5075,1016,residential,{'street_number': '#12'},,cancelling,Foster Avenue,,12,Paradise,,"{""agreement"":""PWA"",""client_type"":""Developer"",""council"":""Campbelltown City Council"",""job_sequence"":2,""lot_label"":""Lot 2"",""lot_number"":""2"",""postcode"":""5075"",""project_number"":1016,""project_type"":""residential"",""respelled"":{""street_number"":""#12""},""source_stage"":""cancelling"",""street"":""Foster Avenue"",""street_number"":""12"",""suburb"":""Paradise""}"
40,1126,PWA,Developer,City of Onkaparinga,13,CA,,"[""lot column is a descriptor, kept as the address's second line: CA""]",,5165,1007,residential,{'street_number': '#13'},,cancelling,Hunt Crescent,CA,13,Christies Beach,community,"{""agreement"":""PWA"",""client_type"":""Developer"",""council"":""City of Onkaparinga"",""job_sequence"":13,""lot_label"":""CA"",""notes"":[""lot column is a descriptor, kept as the address's second line: CA""],""postcode"":""5165"",""project_number"":1007,""project_type"":""residential"",""respelled"":{""street_number"":""#13""},""source_stage"":""cancelling"",""street"":""Hunt Crescent"",""street_2"":""CA"",""street_number"":""13"",""suburb"":""Christies Beach"",""title_type"":""community""}"
41,1005,PWA,Developer,City of Norwood Payneham & St Peters,1,CA,,"[""lot column is a descriptor, kept as the address's second line: CA""]",,5069,1017,residential,{'street_number': '#187'},,cancelling,Portrush Road,CA,187,Maylands,community,"{""agreement"":""PWA"",""client_type"":""Developer"",""council"":""City of Norwood Payneham & St Peters"",""job_sequence"":1,""lot_label"":""CA"",""notes"":[""lot column is a descriptor, kept as the address's second line: CA""],""postcode"":""5069"",""project_number"":1017,""project_type"":""residential"",""respelled"":{""street_number"":""#187""},""source_stage"":""cancelling"",""street"":""Portrush Road"",""street_2"":""CA"",""street_number"":""187"",""suburb"":""Maylands"",""title_type"":""community""}"
42,1455,PWA,Retail,City of Port Adelaide Enfield,1,,,,,5086,1018,residential,,,,Oakden Avenue,,200,Oakden,,"{""agreement"":""PWA"",""client_type"":""Retail"",""council"":""City of Port Adelaide Enfield"",""job_sequence"":1,""postcode"":""5086"",""project_number"":1018,""project_type"":""residential"",""street"":""Oakden Avenue"",""street_number"":""200"",""suburb"":""Oakden""}"
43,1457,PWA,Developer,City of Charles Sturt,1,Single Storey,,"[""lot column is a descriptor, kept as the address's second line: Single Storey""]",,5022,1019,residential,,,on hold,Cannes Avenue,Single Storey,3,Grange,,"{""agreement"":""PWA"",""client_type"":""Developer"",""council"":""City of Charles Sturt"",""job_sequence"":1,""lot_label"":""Single Storey"",""notes"":[""lot column is a descriptor, kept as the address's second line: Single Storey""],""postcode"":""5022"",""project_number"":1019,""project_type"":""residential"",""source_stage"":""on hold"",""street"":""Cannes Avenue"",""street_2"":""Single Storey"",""street_number"":""3"",""suburb"":""Grange""}"
44,1458,PWA,Developer,City of Charles Sturt,2,Double Storey,,"[""lot column is a descriptor, kept as the address's second line: Double Storey""]",,5022,1019,residential,,,on hold,Cannes Avenue,Double Storey,3,Grange,,"{""agreement"":""PWA"",""client_type"":""Developer"",""council"":""City of Charles Sturt"",""job_sequence"":2,""lot_label"":""Double Storey"",""notes"":[""lot column is a descriptor, kept as the address's second line: Double Storey""],""postcode"":""5022"",""project_number"":1019,""project_type"":""residential"",""source_stage"":""on hold"",""street"":""Cannes Avenue"",""street_2"":""Double Storey"",""street_number"":""3"",""suburb"":""Grange""}"
45,1470,PWA,Developer,City of Salisbury,1,Lot 10,10,,,5108,1020,residential,,,,Greentree Blvd,,84-88,Paralowie,,"{""agreement"":""PWA"",""client_type"":""Developer"",""council"":""City of Salisbury"",""job_sequence"":1,""lot_label"":""Lot 10"",""lot_number"":""10"",""postcode"":""5108"",""project_number"":1020,""project_type"":""residential"",""street"":""Greentree Blvd"",""street_number"":""84-88"",""suburb"":""Paralowie""}"
46,1471,PWA,Developer,City of Salisbury,2,Lot 11,11,,,5108,1020,residential,,,,Greentree Blvd,,84-88,Paralowie,,"{""agreement"":""PWA"",""client_type"":""Developer"",""council"":""City of Salisbury"",""job_sequence"":2,""lot_label"":""Lot 11"",""lot_number"":""11"",""postcode"":""5108"",""project_number"":1020,""project_type"":""residential"",""street"":""Greentree Blvd"",""street_number"":""84-88"",""suburb"":""Paralowie""}"
47,1472,PWA,Developer,City of Salisbury,3,Lot 12,12,,,5108,1020,residential,,,,Greentree Blvd,,84-88,Paralowie,,"{""agreement"":""PWA"",""client_type"":""Developer"",""council"":""City of Salisbury"",""job_sequence"":3,""lot_label"":""Lot 12"",""lot_number"":""12"",""postcode"":""5108"",""project_number"":1020,""project_type"":""residential"",""street"":""Greentree Blvd"",""street_number"":""84-88"",""suburb"":""Paralowie""}"
48,1473,PWA,Developer,City of Salisbury,4,Lot 13,13,,,5108,1020,residential,,,on hold,Greentree Blvd,,84-88,Paralowie,,"{""agreement"":""PWA"",""client_type"":""Developer"",""council"":""City of Salisbury"",""job_sequence"":4,""lot_label"":""Lot 13"",""lot_number"":""13"",""postcode"":""5108"",""project_number"":1020,""project_type"":""residential"",""source_stage"":""on hold"",""street"":""Greentree Blvd"",""street_number"":""84-88"",""suburb"":""Paralowie""}"
49,1474,PWA,Developer,City of Salisbury,5,Lot 14,14,,,5108,1020,residential,,,on hold,Greentree Blvd,,84-88,Paralowie,,"{""agreement"":""PWA"",""client_type"":""Developer"",""council"":""City of Salisbury"",""job_sequence"":5,""lot_label"":""Lot 14"",""lot_number"":""14"",""postcode"":""5108"",""project_number"":1020,""project_type"":""residential"",""source_stage"":""on hold"",""street"":""Greentree Blvd"",""street_number"":""84-88"",""suburb"":""Paralowie""}"
50,1475,PWA,Developer,City of Salisbury,6,Lot 15,15,,,5108,1020,residential,,,,Greentree Blvd,,84-88,Paralowie,,"{""agreement"":""PWA"",""client_type"":""Developer"",""council"":""City of Salisbury"",""job_sequence"":6,""lot_label"":""Lot 15"",""lot_number"":""15"",""postcode"":""5108"",""project_number"":1020,""project_type"":""residential"",""street"":""Greentree Blvd"",""street_number"":""84-88"",""suburb"":""Paralowie""}"
51,1476,PWA,Developer,City of Salisbury,7,Lot 16,16,,,5108,1020,residential,,,,Greentree Blvd,,84-88,Paralowie,,"{""agreement"":""PWA"",""client_type"":""Developer"",""council"":""City of Salisbury"",""job_sequence"":7,""lot_label"":""Lot 16"",""lot_number"":""16"",""postcode"":""5108"",""project_number"":1020,""project_type"":""residential"",""street"":""Greentree Blvd"",""street_number"":""84-88"",""suburb"":""Paralowie""}"
52,1477,PWA,Developer,City of Salisbury,8,Lot 17,17,,,5108,1020,residential,,,,Greentree Blvd,,84-88,Paralowie,,"{""agreement"":""PWA"",""client_type"":""Developer"",""council"":""City of Salisbury"",""job_sequence"":8,""lot_label"":""Lot 17"",""lot_number"":""17"",""postcode"":""5108"",""project_number"":1020,""project_type"":""residential"",""street"":""Greentree Blvd"",""street_number"":""84-88"",""suburb"":""Paralowie""}"
53,1478,PWA,Developer,City of Salisbury,9,Lot 18,18,,,5108,1020,residential,,,,Greentree Blvd,,84-88,Paralowie,,"{""agreement"":""PWA"",""client_type"":""Developer"",""council"":""City of Salisbury"",""job_sequence"":9,""lot_label"":""Lot 18"",""lot_number"":""18"",""postcode"":""5108"",""project_number"":1020,""project_type"":""residential"",""street"":""Greentree Blvd"",""street_number"":""84-88"",""suburb"":""Paralowie""}"
54,1479,PWA,Developer,City of Salisbury,10,Lot 19,19,,,5108,1020,residential,,,,Greentree Blvd,,84-88,Paralowie,,"{""agreement"":""PWA"",""client_type"":""Developer"",""council"":""City of Salisbury"",""job_sequence"":10,""lot_label"":""Lot 19"",""lot_number"":""19"",""postcode"":""5108"",""project_number"":1020,""project_type"":""residential"",""street"":""Greentree Blvd"",""street_number"":""84-88"",""suburb"":""Paralowie""}"
55,1480,PWA,Developer,City of Salisbury,11,Lot 20,20,,,5108,1020,residential,,,,Greentree Blvd,,84-88,Paralowie,,"{""agreement"":""PWA"",""client_type"":""Developer"",""council"":""City of Salisbury"",""job_sequence"":11,""lot_label"":""Lot 20"",""lot_number"":""20"",""postcode"":""5108"",""project_number"":1020,""project_type"":""residential"",""street"":""Greentree Blvd"",""street_number"":""84-88"",""suburb"":""Paralowie""}"
56,1481,PWA,Developer,City of Salisbury,12,Lot 21,21,,,5108,1020,residential,,,,Greentree Blvd,,84-88,Paralowie,,"{""agreement"":""PWA"",""client_type"":""Developer"",""council"":""City of Salisbury"",""job_sequence"":12,""lot_label"":""Lot 21"",""lot_number"":""21"",""postcode"":""5108"",""project_number"":1020,""project_type"":""residential"",""street"":""Greentree Blvd"",""street_number"":""84-88"",""suburb"":""Paralowie""}"
57,1482,PWA,Developer,City of Salisbury,13,Lot 22,22,,,5108,1020,residential,,,,Greentree Blvd,,84-88,Paralowie,,"{""agreement"":""PWA"",""client_type"":""Developer"",""council"":""City of Salisbury"",""job_sequence"":13,""lot_label"":""Lot 22"",""lot_number"":""22"",""postcode"":""5108"",""project_number"":1020,""project_type"":""residential"",""street"":""Greentree Blvd"",""street_number"":""84-88"",""suburb"":""Paralowie""}"
58,1483,PWA,Developer,City of Salisbury,14,Lot 23,23,,,5108,1020,residential,,,,Greentree Blvd,,84-88,Paralowie,,"{""agreement"":""PWA"",""client_type"":""Developer"",""council"":""City of Salisbury"",""job_sequence"":14,""lot_label"":""Lot 23"",""lot_number"":""23"",""postcode"":""5108"",""project_number"":1020,""project_type"":""residential"",""street"":""Greentree Blvd"",""street_number"":""84-88"",""suburb"":""Paralowie""}"
59,1484,PWA,Developer,City of Salisbury,15,Lot 24,24,,,5108,1020,residential,,,,Greentree Blvd,,84-88,Paralowie,,"{""agreement"":""PWA"",""client_type"":""Developer"",""council"":""City of Salisbury"",""job_sequence"":15,""lot_label"":""Lot 24"",""lot_number"":""24"",""postcode"":""5108"",""project_number"":1020,""project_type"":""residential"",""street"":""Greentree Blvd"",""street_number"":""84-88"",""suburb"":""Paralowie""}"
60,1485,PWA,Developer,City of Salisbury,16,Lot 25,25,,,5108,1020,residential,,,,Greentree Blvd,,84-88,Paralowie,,"{""agreement"":""PWA"",""client_type"":""Developer"",""council"":""City of Salisbury"",""job_sequence"":16,""lot_label"":""Lot 25"",""lot_number"":""25"",""postcode"":""5108"",""project_number"":1020,""project_type"":""residential"",""street"":""Greentree Blvd"",""street_number"":""84-88"",""suburb"":""Paralowie""}"
61,1486,PWA,Developer,City of Salisbury,17,Lot 26,26,,,5108,1020,residential,,,,Greentree Blvd,,84-88,Paralowie,,"{""agreement"":""PWA"",""client_type"":""Developer"",""council"":""City of Salisbury"",""job_sequence"":17,""lot_label"":""Lot 26"",""lot_number"":""26"",""postcode"":""5108"",""project_number"":1020,""project_type"":""residential"",""street"":""Greentree Blvd"",""street_number"":""84-88"",""suburb"":""Paralowie""}"
62,1487,PWA,Developer,City of Salisbury,18,Lot 27,27,,,5108,1020,residential,,,,Greentree Blvd,,84-88,Paralowie,,"{""agreement"":""PWA"",""client_type"":""Developer"",""council"":""City of Salisbury"",""job_sequence"":18,""lot_label"":""Lot 27"",""lot_number"":""27"",""postcode"":""5108"",""project_number"":1020,""project_type"":""residential"",""street"":""Greentree Blvd"",""street_number"":""84-88"",""suburb"":""Paralowie""}"
63,1488,PWA,Developer,City of Salisbury,19,Lot 28,28,,,5108,1020,residential,,,,Greentree Blvd,,84-88,Paralowie,,"{""agreement"":""PWA"",""client_type"":""Developer"",""council"":""City of Salisbury"",""job_sequence"":19,""lot_label"":""Lot 28"",""lot_number"":""28"",""postcode"":""5108"",""project_number"":1020,""project_type"":""residential"",""street"":""Greentree Blvd"",""street_number"":""84-88"",""suburb"":""Paralowie""}"
64,1489,PWA,Developer,City of Salisbury,20,Lot 29,29,,,5108,1020,residential,,,,Greentree Blvd,,84-88,Paralowie,,"{""agreement"":""PWA"",""client_type"":""Developer"",""council"":""City of Salisbury"",""job_sequence"":20,""lot_label"":""Lot 29"",""lot_number"":""29"",""postcode"":""5108"",""project_number"":1020,""project_type"":""residential"",""street"":""Greentree Blvd"",""street_number"":""84-88"",""suburb"":""Paralowie""}"
65,1490,PWA,Developer,City of Salisbury,21,Lot 30,30,,,5108,1020,residential,,,,Greentree Blvd,,84-88,Paralowie,,"{""agreement"":""PWA"",""client_type"":""Developer"",""council"":""City of Salisbury"",""job_sequence"":21,""lot_label"":""Lot 30"",""lot_number"":""30"",""postcode"":""5108"",""project_number"":1020,""project_type"":""residential"",""street"":""Greentree Blvd"",""street_number"":""84-88"",""suburb"":""Paralowie""}"
66,1491,PWA,Developer,City of Salisbury,22,Lot 31,31,,,5108,1020,residential,,,,Greentree Blvd,,84-88,Paralowie,,"{""agreement"":""PWA"",""client_type"":""Developer"",""council"":""City of Salisbury"",""job_sequence"":22,""lot_label"":""Lot 31"",""lot_number"":""31"",""postcode"":""5108"",""project_number"":1020,""project_type"":""residential"",""street"":""Greentree Blvd"",""street_number"":""84-88"",""suburb"":""Paralowie""}"
67,1492,PWA,Developer,City of Salisbury,23,Lot 32,32,,,5108,1020,residential,,,,Greentree Blvd,,84-88,Paralowie,,"{""agreement"":""PWA"",""client_type"":""Developer"",""council"":""City of Salisbury"",""job_sequence"":23,""lot_label"":""Lot 32"",""lot_number"":""32"",""postcode"":""5108"",""project_number"":1020,""project_type"":""residential"",""street"":""Greentree Blvd"",""street_number"":""84-88"",""suburb"":""Paralowie""}"
68,1493,PWA,Developer,City of Salisbury,24,Lot 33,33,,,5108,1020,residential,,,,Greentree Blvd,,84-88,Paralowie,,"{""agreement"":""PWA"",""client_type"":""Developer"",""council"":""City of Salisbury"",""job_sequence"":24,""lot_label"":""Lot 33"",""lot_number"":""33"",""postcode"":""5108"",""project_number"":1020,""project_type"":""residential"",""street"":""Greentree Blvd"",""street_number"":""84-88"",""suburb"":""Paralowie""}"
69,1494,PWA,Developer,City of Salisbury,25,Lot 34,34,,,5108,1020,residential,,,,Greentree Blvd,,84-88,Paralowie,,"{""agreement"":""PWA"",""client_type"":""Developer"",""council"":""City of Salisbury"",""job_sequence"":25,""lot_label"":""Lot 34"",""lot_number"":""34"",""postcode"":""5108"",""project_number"":1020,""project_type"":""residential"",""street"":""Greentree Blvd"",""street_number"":""84-88"",""suburb"":""Paralowie""}"
70,1495,PWA,Developer,City of Salisbury,26,Lot 35,35,,,5108,1020,residential,,,,Greentree Blvd,,84-88,Paralowie,,"{""agreement"":""PWA"",""client_type"":""Developer"",""council"":""City of Salisbury"",""job_sequence"":26,""lot_label"":""Lot 35"",""lot_number"":""35"",""postcode"":""5108"",""project_number"":1020,""project_type"":""residential"",""street"":""Greentree Blvd"",""street_number"":""84-88"",""suburb"":""Paralowie""}"
71,1496,PWA,Developer,City of Salisbury,27,Lot 36,36,,,5108,1020,residential,,,,Greentree Blvd,,84-88,Paralowie,,"{""agreement"":""PWA"",""client_type"":""Developer"",""council"":""City of Salisbury"",""job_sequence"":27,""lot_label"":""Lot 36"",""lot_number"":""36"",""postcode"":""5108"",""project_number"":1020,""project_type"":""residential"",""street"":""Greentree Blvd"",""street_number"":""84-88"",""suburb"":""Paralowie""}"
72,1497,PWA,Developer,City of Salisbury,28,Lot 37,37,,,5108,1020,residential,,,,Greentree Blvd,,84-88,Paralowie,,"{""agreement"":""PWA"",""client_type"":""Developer"",""council"":""City of Salisbury"",""job_sequence"":28,""lot_label"":""Lot 37"",""lot_number"":""37"",""postcode"":""5108"",""project_number"":1020,""project_type"":""residential"",""street"":""Greentree Blvd"",""street_number"":""84-88"",""suburb"":""Paralowie""}"
73,1498,PWA,Developer,City of Salisbury,29,Lot 38,38,,,5108,1020,residential,,,,Greentree Blvd,,84-88,Paralowie,,"{""agreement"":""PWA"",""client_type"":""Developer"",""council"":""City of Salisbury"",""job_sequence"":29,""lot_label"":""Lot 38"",""lot_number"":""38"",""postcode"":""5108"",""project_number"":1020,""project_type"":""residential"",""street"":""Greentree Blvd"",""street_number"":""84-88"",""suburb"":""Paralowie""}"
74,1499,PWA,Developer,City of Salisbury,30,Lot 39,39,,,5108,1020,residential,,,,Greentree Blvd,,84-88,Paralowie,,"{""agreement"":""PWA"",""client_type"":""Developer"",""council"":""City of Salisbury"",""job_sequence"":30,""lot_label"":""Lot 39"",""lot_number"":""39"",""postcode"":""5108"",""project_number"":1020,""project_type"":""residential"",""street"":""Greentree Blvd"",""street_number"":""84-88"",""suburb"":""Paralowie""}"
75,1500,PWA,Developer,City of Salisbury,31,Lot 40,40,,,5108,1020,residential,,,,Greentree Blvd,,84-88,Paralowie,,"{""agreement"":""PWA"",""client_type"":""Developer"",""council"":""City of Salisbury"",""job_sequence"":31,""lot_label"":""Lot 40"",""lot_number"":""40"",""postcode"":""5108"",""project_number"":1020,""project_type"":""residential"",""street"":""Greentree Blvd"",""street_number"":""84-88"",""suburb"":""Paralowie""}"
76,1501,PWA,Developer,City of Salisbury,32,Lot 41,41,,,5108,1020,residential,,,,Greentree Blvd,,84-88,Paralowie,,"{""agreement"":""PWA"",""client_type"":""Developer"",""council"":""City of Salisbury"",""job_sequence"":32,""lot_label"":""Lot 41"",""lot_number"":""41"",""postcode"":""5108"",""project_number"":1020,""project_type"":""residential"",""street"":""Greentree Blvd"",""street_number"":""84-88"",""suburb"":""Paralowie""}"
77,1502,PWA,Developer,City of Salisbury,33,Lot 42,42,,,5108,1020,residential,,,,Greentree Blvd,,84-88,Paralowie,,"{""agreement"":""PWA"",""client_type"":""Developer"",""council"":""City of Salisbury"",""job_sequence"":33,""lot_label"":""Lot 42"",""lot_number"":""42"",""postcode"":""5108"",""project_number"":1020,""project_type"":""residential"",""street"":""Greentree Blvd"",""street_number"":""84-88"",""suburb"":""Paralowie""}"
78,1503,PWA,Developer,City of Salisbury,34,Lot 43,43,,,5108,1020,residential,,,,Greentree Blvd,,84-88,Paralowie,,"{""agreement"":""PWA"",""client_type"":""Developer"",""council"":""City of Salisbury"",""job_sequence"":34,""lot_label"":""Lot 43"",""lot_number"":""43"",""postcode"":""5108"",""project_number"":1020,""project_type"":""residential"",""street"":""Greentree Blvd"",""street_number"":""84-88"",""suburb"":""Paralowie""}"
79,1504,PWA,Developer,City of Salisbury,35,Lot 44,44,,,5108,1020,residential,,,,Greentree Blvd,,84-88,Paralowie,,"{""agreement"":""PWA"",""client_type"":""Developer"",""council"":""City of Salisbury"",""job_sequence"":35,""lot_label"":""Lot 44"",""lot_number"":""44"",""postcode"":""5108"",""project_number"":1020,""project_type"":""residential"",""street"":""Greentree Blvd"",""street_number"":""84-88"",""suburb"":""Paralowie""}"
80,1505,PWA,Developer,City of Salisbury,36,Lot 45,45,,,5108,1020,residential,,,,Greentree Blvd,,84-88,Paralowie,,"{""agreement"":""PWA"",""client_type"":""Developer"",""council"":""City of Salisbury"",""job_sequence"":36,""lot_label"":""Lot 45"",""lot_number"":""45"",""postcode"":""5108"",""project_number"":1020,""project_type"":""residential"",""street"":""Greentree Blvd"",""street_number"":""84-88"",""suburb"":""Paralowie""}"
81,1506,PWA,Developer,City of Salisbury,37,Lot 46,46,,,5108,1020,residential,,,,Greentree Blvd,,84-88,Paralowie,,"{""agreement"":""PWA"",""client_type"":""Developer"",""council"":""City of Salisbury"",""job_sequence"":37,""lot_label"":""Lot 46"",""lot_number"":""46"",""postcode"":""5108"",""project_number"":1020,""project_type"":""residential"",""street"":""Greentree Blvd"",""street_number"":""84-88"",""suburb"":""Paralowie""}"
82,1507,PWA,Developer,City of Salisbury,38,Lot 47,47,,,5108,1020,residential,,,,Greentree Blvd,,84-88,Paralowie,,"{""agreement"":""PWA"",""client_type"":""Developer"",""council"":""City of Salisbury"",""job_sequence"":38,""lot_label"":""Lot 47"",""lot_number"":""47"",""postcode"":""5108"",""project_number"":1020,""project_type"":""residential"",""street"":""Greentree Blvd"",""street_number"":""84-88"",""suburb"":""Paralowie""}"
83,1508,PWA,Developer,City of Salisbury,39,Lot 48,48,,,5108,1020,residential,,,,Greentree Blvd,,84-88,Paralowie,,"{""agreement"":""PWA"",""client_type"":""Developer"",""council"":""City of Salisbury"",""job_sequence"":39,""lot_label"":""Lot 48"",""lot_number"":""48"",""postcode"":""5108"",""project_number"":1020,""project_type"":""residential"",""street"":""Greentree Blvd"",""street_number"":""84-88"",""suburb"":""Paralowie""}"
84,1509,PWA,Developer,City of Salisbury,40,Lot 49,49,,,5108,1020,residential,,,,Greentree Blvd,,84-88,Paralowie,,"{""agreement"":""PWA"",""client_type"":""Developer"",""council"":""City of Salisbury"",""job_sequence"":40,""lot_label"":""Lot 49"",""lot_number"":""49"",""postcode"":""5108"",""project_number"":1020,""project_type"":""residential"",""street"":""Greentree Blvd"",""street_number"":""84-88"",""suburb"":""Paralowie""}"
85,1510,PWA,Developer,City of Salisbury,41,Lot 50,50,,,5108,1020,residential,,,,Greentree Blvd,,84-88,Paralowie,,"{""agreement"":""PWA"",""client_type"":""Developer"",""council"":""City of Salisbury"",""job_sequence"":41,""lot_label"":""Lot 50"",""lot_number"":""50"",""postcode"":""5108"",""project_number"":1020,""project_type"":""residential"",""street"":""Greentree Blvd"",""street_number"":""84-88"",""suburb"":""Paralowie""}"
86,1511,PWA,Developer,City of Salisbury,42,Lot 51,51,,,5108,1020,residential,,,,Greentree Blvd,,84-88,Paralowie,,"{""agreement"":""PWA"",""client_type"":""Developer"",""council"":""City of Salisbury"",""job_sequence"":42,""lot_label"":""Lot 51"",""lot_number"":""51"",""postcode"":""5108"",""project_number"":1020,""project_type"":""residential"",""street"":""Greentree Blvd"",""street_number"":""84-88"",""suburb"":""Paralowie""}"
87,1512,PWA,Developer,City of Salisbury,43,Lot 52,52,,,5108,1020,residential,,,,Greentree Blvd,,84-88,Paralowie,,"{""agreement"":""PWA"",""client_type"":""Developer"",""council"":""City of Salisbury"",""job_sequence"":43,""lot_label"":""Lot 52"",""lot_number"":""52"",""postcode"":""5108"",""project_number"":1020,""project_type"":""residential"",""street"":""Greentree Blvd"",""street_number"":""84-88"",""suburb"":""Paralowie""}"
88,1513,PWA,Developer,City of Salisbury,44,Lot 53,53,,,5108,1020,residential,,,,Greentree Blvd,,84-88,Paralowie,,"{""agreement"":""PWA"",""client_type"":""Developer"",""council"":""City of Salisbury"",""job_sequence"":44,""lot_label"":""Lot 53"",""lot_number"":""53"",""postcode"":""5108"",""project_number"":1020,""project_type"":""residential"",""street"":""Greentree Blvd"",""street_number"":""84-88"",""suburb"":""Paralowie""}"
89,1514,PWA,Developer,City of Salisbury,45,Lot 54,54,,,5108,1020,residential,,,,Greentree Blvd,,84-88,Paralowie,,"{""agreement"":""PWA"",""client_type"":""Developer"",""council"":""City of Salisbury"",""job_sequence"":45,""lot_label"":""Lot 54"",""lot_number"":""54"",""postcode"":""5108"",""project_number"":1020,""project_type"":""residential"",""street"":""Greentree Blvd"",""street_number"":""84-88"",""suburb"":""Paralowie""}"
90,1515,PWA,Developer,City of Salisbury,46,Lot 55,55,,,5108,1020,residential,,,,Greentree Blvd,,84-88,Paralowie,,"{""agreement"":""PWA"",""client_type"":""Developer"",""council"":""City of Salisbury"",""job_sequence"":46,""lot_label"":""Lot 55"",""lot_number"":""55"",""postcode"":""5108"",""project_number"":1020,""project_type"":""residential"",""street"":""Greentree Blvd"",""street_number"":""84-88"",""suburb"":""Paralowie""}"
91,1516,PWA,Retail,City of Norwood Payneham & St Peters,1,,,,True,5070,1021,residential,,,on hold,Addison Ave,,9,Marden,,"{""agreement"":""PWA"",""client_type"":""Retail"",""council"":""City of Norwood Payneham & St Peters"",""job_sequence"":1,""old_number_shared"":true,""postcode"":""5070"",""project_number"":1021,""project_type"":""residential"",""source_stage"":""on hold"",""street"":""Addison Ave"",""street_number"":""9"",""suburb"":""Marden""}"
92,1516,PWA,Developer,City of Salisbury,47,Lot 56,56,,True,5108,1020,residential,,,,Greentree Blvd,,84-88,Paralowie,,"{""agreement"":""PWA"",""client_type"":""Developer"",""council"":""City of Salisbury"",""job_sequence"":47,""lot_label"":""Lot 56"",""lot_number"":""56"",""old_number_shared"":true,""postcode"":""5108"",""project_number"":1020,""project_type"":""residential"",""street"":""Greentree Blvd"",""street_number"":""84-88"",""suburb"":""Paralowie""}"
93,1517,PWA,Developer,City of Charles Sturt,1,Lot 3,3,,,5009,1022,residential,,,cancelling,Golding Street,,17,Beverley,,"{""agreement"":""PWA"",""client_type"":""Developer"",""council"":""City of Charles Sturt"",""job_sequence"":1,""lot_label"":""Lot 3"",""lot_number"":""3"",""postcode"":""5009"",""project_number"":1022,""project_type"":""residential"",""source_stage"":""cancelling"",""street"":""Golding Street"",""street_number"":""17"",""suburb"":""Beverley""}"
94,1528,PWA,Developer,City of Marion,1,Lot 1,1,,True,5043,1023,residential,,,cancelling,Daws Road,,3,Mitchell Park,,"{""agreement"":""PWA"",""client_type"":""Developer"",""council"":""City of Marion"",""job_sequence"":1,""lot_label"":""Lot 1"",""lot_number"":""1"",""old_number_shared"":true,""postcode"":""5043"",""project_number"":1023,""project_type"":""residential"",""source_stage"":""cancelling"",""street"":""Daws Road"",""street_number"":""3"",""suburb"":""Mitchell Park""}"
95,1528,PWA,Developer,City of Marion,2,Lot 2,2,,True,5043,1023,residential,,,cancelling,Daws Road,,3,Mitchell Park,,"{""agreement"":""PWA"",""client_type"":""Developer"",""council"":""City of Marion"",""job_sequence"":2,""lot_label"":""Lot 2"",""lot_number"":""2"",""old_number_shared"":true,""postcode"":""5043"",""project_number"":1023,""project_type"":""residential"",""source_stage"":""cancelling"",""street"":""Daws Road"",""street_number"":""3"",""suburb"":""Mitchell Park""}"
96,1528,PWA,Developer,City of Marion,3,Lot 3,3,,True,5043,1023,residential,,,cancelling,Daws Road,,3,Mitchell Park,,"{""agreement"":""PWA"",""client_type"":""Developer"",""council"":""City of Marion"",""job_sequence"":3,""lot_label"":""Lot 3"",""lot_number"":""3"",""old_number_shared"":true,""postcode"":""5043"",""project_number"":1023,""project_type"":""residential"",""source_stage"":""cancelling"",""street"":""Daws Road"",""street_number"":""3"",""suburb"":""Mitchell Park""}"
97,1576,PWA,Developer,Rural City of Murray Bridge,1,"Res 1, Lot 311",311,['lot number read from the site address cell: Lot 311'],,5253,1024,residential,,,,Dankie Rd,Res 1,,Murray Bridge,,"{""agreement"":""PWA"",""client_type"":""Developer"",""council"":""Rural City of Murray Bridge"",""job_sequence"":1,""lot_label"":""Res 1, Lot 311"",""lot_number"":""311"",""notes"":[""lot number read from the site address cell: Lot 311""],""postcode"":""5253"",""project_number"":1024,""project_type"":""residential"",""street"":""Dankie Rd"",""street_2"":""Res 1"",""suburb"":""Murray Bridge""}"
98,1577,PWA,Developer,Rural City of Murray Bridge,2,"Res 2, Lot 310",310,['lot number read from the site address cell: Lot 310'],,5253,1024,residential,,,,Dankie Rd,Res 2,,Murray Bridge,,"{""agreement"":""PWA"",""client_type"":""Developer"",""council"":""Rural City of Murray Bridge"",""job_sequence"":2,""lot_label"":""Res 2, Lot 310"",""lot_number"":""310"",""notes"":[""lot number read from the site address cell: Lot 310""],""postcode"":""5253"",""project_number"":1024,""project_type"":""residential"",""street"":""Dankie Rd"",""street_2"":""Res 2"",""suburb"":""Murray Bridge""}"
99,1578,PWA,Developer,Rural City of Murray Bridge,3,"Res 3, Lot 309",309,['lot number read from the site address cell: Lot 309'],,5253,1024,residential,,,,Dankie Rd,Res 3,,Murray Bridge,,"{""agreement"":""PWA"",""client_type"":""Developer"",""council"":""Rural City of Murray Bridge"",""job_sequence"":3,""lot_label"":""Res 3, Lot 309"",""lot_number"":""309"",""notes"":[""lot number read from the site address cell: Lot 309""],""postcode"":""5253"",""project_number"":1024,""project_type"":""residential"",""street"":""Dankie Rd"",""street_2"":""Res 3"",""suburb"":""Murray Bridge""}"
100,1579,PWA,Developer,Rural City of Murray Bridge,4,"Res 4, Lot 308",308,['lot number read from the site address cell: Lot 308'],,5253,1024,residential,,,,Dankie Rd,Res 4,,Murray Bridge,,"{""agreement"":""PWA"",""client_type"":""Developer"",""council"":""Rural City of Murray Bridge"",""job_sequence"":4,""lot_label"":""Res 4, Lot 308"",""lot_number"":""308"",""notes"":[""lot number read from the site address cell: Lot 308""],""postcode"":""5253"",""project_number"":1024,""project_type"":""residential"",""street"":""Dankie Rd"",""street_2"":""Res 4"",""suburb"":""Murray Bridge""}"
101,1580,PWA,Developer,Rural City of Murray Bridge,5,"Res 5, Lot 307",307,['lot number read from the site address cell: Lot 307'],,5253,1024,residential,,,,Dankie Rd,Res 5,,Murray Bridge,,"{""agreement"":""PWA"",""client_type"":""Developer"",""council"":""Rural City of Murray Bridge"",""job_sequence"":5,""lot_label"":""Res 5, Lot 307"",""lot_number"":""307"",""notes"":[""lot number read from the site address cell: Lot 307""],""postcode"":""5253"",""project_number"":1024,""project_type"":""residential"",""street"":""Dankie Rd"",""street_2"":""Res 5"",""suburb"":""Murray Bridge""}"
102,1581,PWA,Developer,Rural City of Murray Bridge,6,"Res 6, Lot 306",306,['lot number read from the site address cell: Lot 306'],,5253,1024,residential,,,,Dankie Rd,Res 6,,Murray Bridge,,"{""agreement"":""PWA"",""client_type"":""Developer"",""council"":""Rural City of Murray Bridge"",""job_sequence"":6,""lot_label"":""Res 6, Lot 306"",""lot_number"":""306"",""notes"":[""lot number read from the site address cell: Lot 306""],""postcode"":""5253"",""project_number"":1024,""project_type"":""residential"",""street"":""Dankie Rd"",""street_2"":""Res 6"",""suburb"":""Murray Bridge""}"
103,1582,PWA,Developer,Rural City of Murray Bridge,7,"Res 7, Lot 305",305,['lot number read from the site address cell: Lot 305'],,5253,1024,residential,,,,Dankie Rd,Res 7,,Murray Bridge,,"{""agreement"":""PWA"",""client_type"":""Developer"",""council"":""Rural City of Murray Bridge"",""job_sequence"":7,""lot_label"":""Res 7, Lot 305"",""lot_number"":""305"",""notes"":[""lot number read from the site address cell: Lot 305""],""postcode"":""5253"",""project_number"":1024,""project_type"":""residential"",""street"":""Dankie Rd"",""street_2"":""Res 7"",""suburb"":""Murray Bridge""}"
104,1583,PWA,Developer,Rural City of Murray Bridge,8,"Res 8, Lot 304",304,['lot number read from the site address cell: Lot 304'],,5253,1024,residential,,,,Dankie Rd,Res 8,,Murray Bridge,,"{""agreement"":""PWA"",""client_type"":""Developer"",""council"":""Rural City of Murray Bridge"",""job_sequence"":8,""lot_label"":""Res 8, Lot 304"",""lot_number"":""304"",""notes"":[""lot number read from the site address cell: Lot 304""],""postcode"":""5253"",""project_number"":1024,""project_type"":""residential"",""street"":""Dankie Rd"",""street_2"":""Res 8"",""suburb"":""Murray Bridge""}"
105,1584,PWA,Developer,Rural City of Murray Bridge,9,"Res 9, Lot 303",303,['lot number read from the site address cell: Lot 303'],,5253,1024,residential,,,,Dankie Rd,Res 9,,Murray Bridge,,"{""agreement"":""PWA"",""client_type"":""Developer"",""council"":""Rural City of Murray Bridge"",""job_sequence"":9,""lot_label"":""Res 9, Lot 303"",""lot_number"":""303"",""notes"":[""lot number read from the site address cell: Lot 303""],""postcode"":""5253"",""project_number"":1024,""project_type"":""residential"",""street"":""Dankie Rd"",""street_2"":""Res 9"",""suburb"":""Murray Bridge""}"
106,1585,PWA,Developer,Rural City of Murray Bridge,10,"Res 10, Lot 302",302,['lot number read from the site address cell: Lot 302'],,5253,1024,residential,,,,Dankie Rd,Res 10,,Murray Bridge,,"{""agreement"":""PWA"",""client_type"":""Developer"",""council"":""Rural City of Murray Bridge"",""job_sequence"":10,""lot_label"":""Res 10, Lot 302"",""lot_number"":""302"",""notes"":[""lot number read from the site address cell: Lot 302""],""postcode"":""5253"",""project_number"":1024,""project_type"":""residential"",""street"":""Dankie Rd"",""street_2"":""Res 10"",""suburb"":""Murray Bridge""}"
107,1586,PWA,Developer,Rural City of Murray Bridge,11,"Res 11, Lot 301",301,['lot number read from the site address cell: Lot 301'],,5253,1024,residential,,,,Dankie Rd,Res 11,,Murray Bridge,,"{""agreement"":""PWA"",""client_type"":""Developer"",""council"":""Rural City of Murray Bridge"",""job_sequence"":11,""lot_label"":""Res 11, Lot 301"",""lot_number"":""301"",""notes"":[""lot number read from the site address cell: Lot 301""],""postcode"":""5253"",""project_number"":1024,""project_type"":""residential"",""street"":""Dankie Rd"",""street_2"":""Res 11"",""suburb"":""Murray Bridge""}"
108,1587,PWA,Developer,Rural City of Murray Bridge,12,"Res 12, Lot 300",300,['lot number read from the site address cell: Lot 300'],,5253,1024,residential,,,,Dankie Rd,Res 12,,Murray Bridge,,"{""agreement"":""PWA"",""client_type"":""Developer"",""council"":""Rural City of Murray Bridge"",""job_sequence"":12,""lot_label"":""Res 12, Lot 300"",""lot_number"":""300"",""notes"":[""lot number read from the site address cell: Lot 300""],""postcode"":""5253"",""project_number"":1024,""project_type"":""residential"",""street"":""Dankie Rd"",""street_2"":""Res 12"",""suburb"":""Murray Bridge""}"
109,1588,PWA,Developer,Rural City of Murray Bridge,13,"Res 13, Lot 319",319,['lot number read from the site address cell: Lot 319'],,5253,1024,residential,,,,Dankie Rd,Res 13,,Murray Bridge,,"{""agreement"":""PWA"",""client_type"":""Developer"",""council"":""Rural City of Murray Bridge"",""job_sequence"":13,""lot_label"":""Res 13, Lot 319"",""lot_number"":""319"",""notes"":[""lot number read from the site address cell: Lot 319""],""postcode"":""5253"",""project_number"":1024,""project_type"":""residential"",""street"":""Dankie Rd"",""street_2"":""Res 13"",""suburb"":""Murray Bridge""}"
110,1589,PWA,Developer,Rural City of Murray Bridge,14,"Res 14, Lot 318",318,['lot number read from the site address cell: Lot 318'],,5253,1024,residential,,,,Dankie Rd,Res 14,,Murray Bridge,,"{""agreement"":""PWA"",""client_type"":""Developer"",""council"":""Rural City of Murray Bridge"",""job_sequence"":14,""lot_label"":""Res 14, Lot 318"",""lot_number"":""318"",""notes"":[""lot number read from the site address cell: Lot 318""],""postcode"":""5253"",""project_number"":1024,""project_type"":""residential"",""street"":""Dankie Rd"",""street_2"":""Res 14"",""suburb"":""Murray Bridge""}"
111,1590,PWA,Developer,Rural City of Murray Bridge,15,"Res 15, Lot 317",317,['lot number read from the site address cell: Lot 317'],,5253,1024,residential,,,,Dankie Rd,Res 15,,Murray Bridge,,"{""agreement"":""PWA"",""client_type"":""Developer"",""council"":""Rural City of Murray Bridge"",""job_sequence"":15,""lot_label"":""Res 15, Lot 317"",""lot_number"":""317"",""notes"":[""lot number read from the site address cell: Lot 317""],""postcode"":""5253"",""project_number"":1024,""project_type"":""residential"",""street"":""Dankie Rd"",""street_2"":""Res 15"",""suburb"":""Murray Bridge""}"
112,1591,PWA,Developer,Rural City of Murray Bridge,16,"Res 16, Lot 316",316,['lot number read from the site address cell: Lot 316'],,5253,1024,residential,,,,Dankie Rd,Res 16,,Murray Bridge,,"{""agreement"":""PWA"",""client_type"":""Developer"",""council"":""Rural City of Murray Bridge"",""job_sequence"":16,""lot_label"":""Res 16, Lot 316"",""lot_number"":""316"",""notes"":[""lot number read from the site address cell: Lot 316""],""postcode"":""5253"",""project_number"":1024,""project_type"":""residential"",""street"":""Dankie Rd"",""street_2"":""Res 16"",""suburb"":""Murray Bridge""}"
113,1592,PWA,Developer,Rural City of Murray Bridge,17,"Res 17, Lot 315",315,['lot number read from the site address cell: Lot 315'],,5253,1024,residential,,,,Dankie Rd,Res 17,,Murray Bridge,,"{""agreement"":""PWA"",""client_type"":""Developer"",""council"":""Rural City of Murray Bridge"",""job_sequence"":17,""lot_label"":""Res 17, Lot 315"",""lot_number"":""315"",""notes"":[""lot number read from the site address cell: Lot 315""],""postcode"":""5253"",""project_number"":1024,""project_type"":""residential"",""street"":""Dankie Rd"",""street_2"":""Res 17"",""suburb"":""Murray Bridge""}"
114,1593,PWA,Developer,Rural City of Murray Bridge,18,"Res 18, Lot 314",314,['lot number read from the site address cell: Lot 314'],,5253,1024,residential,,,,Dankie Rd,Res 18,,Murray Bridge,,"{""agreement"":""PWA"",""client_type"":""Developer"",""council"":""Rural City of Murray Bridge"",""job_sequence"":18,""lot_label"":""Res 18, Lot 314"",""lot_number"":""314"",""notes"":[""lot number read from the site address cell: Lot 314""],""postcode"":""5253"",""project_number"":1024,""project_type"":""residential"",""street"":""Dankie Rd"",""street_2"":""Res 18"",""suburb"":""Murray Bridge""}"
115,1594,PWA,Developer,Rural City of Murray Bridge,19,"Res 19, Lot 313",313,['lot number read from the site address cell: Lot 313'],,5253,1024,residential,,,,Dankie Rd,Res 19,,Murray Bridge,,"{""agreement"":""PWA"",""client_type"":""Developer"",""council"":""Rural City of Murray Bridge"",""job_sequence"":19,""lot_label"":""Res 19, Lot 313"",""lot_number"":""313"",""notes"":[""lot number read from the site address cell: Lot 313""],""postcode"":""5253"",""project_number"":1024,""project_type"":""residential"",""street"":""Dankie Rd"",""street_2"":""Res 19"",""suburb"":""Murray Bridge""}"
116,1595,PWA,Developer,Rural City of Murray Bridge,20,"Res 20, Lot 312",312,['lot number read from the site address cell: Lot 312'],,5253,1024,residential,,,,Dankie Rd,Res 20,,Murray Bridge,,"{""agreement"":""PWA"",""client_type"":""Developer"",""council"":""Rural City of Murray Bridge"",""job_sequence"":20,""lot_label"":""Res 20, Lot 312"",""lot_number"":""312"",""notes"":[""lot number read from the site address cell: Lot 312""],""postcode"":""5253"",""project_number"":1024,""project_type"":""residential"",""street"":""Dankie Rd"",""street_2"":""Res 20"",""suburb"":""Murray Bridge""}"
117,1597,PWA,Developer,City of Playford,1,Res 1,,,True,5114,1025,residential,,,on hold,Bald Street,Res 1,4-11/9,Smithfield Plains,,"{""agreement"":""PWA"",""client_type"":""Developer"",""council"":""City of Playford"",""job_sequence"":1,""lot_label"":""Res 1"",""old_number_shared"":true,""postcode"":""5114"",""project_number"":1025,""project_type"":""residential"",""source_stage"":""on hold"",""street"":""Bald Street"",""street_2"":""Res 1"",""street_number"":""4-11/9"",""suburb"":""Smithfield Plains""}"
118,1597,PWA,Developer,City of Playford,2,Res 2,,,True,5114,1025,residential,,,on hold,Bald Street,Res 2,4-11/9,Smithfield Plains,,"{""agreement"":""PWA"",""client_type"":""Developer"",""council"":""City of Playford"",""job_sequence"":2,""lot_label"":""Res 2"",""old_number_shared"":true,""postcode"":""5114"",""project_number"":1025,""project_type"":""residential"",""source_stage"":""on hold"",""street"":""Bald Street"",""street_2"":""Res 2"",""street_number"":""4-11/9"",""suburb"":""Smithfield Plains""}"
119,1597,PWA,Developer,City of Playford,3,Res 3,,,True,5114,1025,residential,,,on hold,Bald Street,Res 3,4-11/9,Smithfield Plains,,"{""agreement"":""PWA"",""client_type"":""Developer"",""council"":""City of Playford"",""job_sequence"":3,""lot_label"":""Res 3"",""old_number_shared"":true,""postcode"":""5114"",""project_number"":1025,""project_type"":""residential"",""source_stage"":""on hold"",""street"":""Bald Street"",""street_2"":""Res 3"",""street_number"":""4-11/9"",""suburb"":""Smithfield Plains""}"
120,1597,PWA,Developer,City of Playford,4,Res 4,,,True,5114,1025,residential,,,on hold,Bald Street,Res 4,4-11/9,Smithfield Plains,,"{""agreement"":""PWA"",""client_type"":""Developer"",""council"":""City of Playford"",""job_sequence"":4,""lot_label"":""Res 4"",""old_number_shared"":true,""postcode"":""5114"",""project_number"":1025,""project_type"":""residential"",""source_stage"":""on hold"",""street"":""Bald Street"",""street_2"":""Res 4"",""street_number"":""4-11/9"",""suburb"":""Smithfield Plains""}"
121,1597,PWA,Developer,City of Playford,5,Res 5,,,True,5114,1025,residential,,,on hold,Bald Street,Res 5,4-11/9,Smithfield Plains,,"{""agreement"":""PWA"",""client_type"":""Developer"",""council"":""City of Playford"",""job_sequence"":5,""lot_label"":""Res 5"",""old_number_shared"":true,""postcode"":""5114"",""project_number"":1025,""project_type"":""residential"",""source_stage"":""on hold"",""street"":""Bald Street"",""street_2"":""Res 5"",""street_number"":""4-11/9"",""suburb"":""Smithfield Plains""}"
122,1597,PWA,Developer,City of Playford,6,Res 6,,,True,5114,1025,residential,,,on hold,Bald Street,Res 6,4-11/9,Smithfield Plains,,"{""agreement"":""PWA"",""client_type"":""Developer"",""council"":""City of Playford"",""job_sequence"":6,""lot_label"":""Res 6"",""old_number_shared"":true,""postcode"":""5114"",""project_number"":1025,""project_type"":""residential"",""source_stage"":""on hold"",""street"":""Bald Street"",""street_2"":""Res 6"",""street_number"":""4-11/9"",""suburb"":""Smithfield Plains""}"
123,1597,PWA,Developer,City of Playford,7,Res 7,,,True,5114,1025,residential,,,on hold,Bald Street,Res 7,4-11/9,Smithfield Plains,,"{""agreement"":""PWA"",""client_type"":""Developer"",""council"":""City of Playford"",""job_sequence"":7,""lot_label"":""Res 7"",""old_number_shared"":true,""postcode"":""5114"",""project_number"":1025,""project_type"":""residential"",""source_stage"":""on hold"",""street"":""Bald Street"",""street_2"":""Res 7"",""street_number"":""4-11/9"",""suburb"":""Smithfield Plains""}"
124,1597,PWA,Developer,City of Playford,8,Res 8,,,True,5114,1025,residential,,,on hold,Bald Street,Res 8,4-11/9,Smithfield Plains,,"{""agreement"":""PWA"",""client_type"":""Developer"",""council"":""City of Playford"",""job_sequence"":8,""lot_label"":""Res 8"",""old_number_shared"":true,""postcode"":""5114"",""project_number"":1025,""project_type"":""residential"",""source_stage"":""on hold"",""street"":""Bald Street"",""street_2"":""Res 8"",""street_number"":""4-11/9"",""suburb"":""Smithfield Plains""}"
125,1597,PWA,Developer,City of Playford,9,Res 8,,,True,5114,1025,residential,,,on hold,Bald Street,Res 8,4-11/9,Smithfield Plains,,"{""agreement"":""PWA"",""client_type"":""Developer"",""council"":""City of Playford"",""job_sequence"":9,""lot_label"":""Res 8"",""old_number_shared"":true,""postcode"":""5114"",""project_number"":1025,""project_type"":""residential"",""source_stage"":""on hold"",""street"":""Bald Street"",""street_2"":""Res 8"",""street_number"":""4-11/9"",""suburb"":""Smithfield Plains""}"
126,1609,PWA,Developer,Campbelltown City Council,1,,,,,5073,1026,residential,,,,East Street,,37,Hectorville,,"{""agreement"":""PWA"",""client_type"":""Developer"",""council"":""Campbelltown City Council"",""job_sequence"":1,""postcode"":""5073"",""project_number"":1026,""project_type"":""residential"",""street"":""East Street"",""street_number"":""37"",""suburb"":""Hectorville""}"
127,1610,PWA,Developer,Campbelltown City Council,2,,,,,5073,1026,residential,,,,East Street,,37,Hectorville,,"{""agreement"":""PWA"",""client_type"":""Developer"",""council"":""Campbelltown City Council"",""job_sequence"":2,""postcode"":""5073"",""project_number"":1026,""project_type"":""residential"",""street"":""East Street"",""street_number"":""37"",""suburb"":""Hectorville""}"
128,1611,PWA,Developer,Campbelltown City Council,3,,,,,5073,1026,residential,,,,East Street,,37,Hectorville,,"{""agreement"":""PWA"",""client_type"":""Developer"",""council"":""Campbelltown City Council"",""job_sequence"":3,""postcode"":""5073"",""project_number"":1026,""project_type"":""residential"",""street"":""East Street"",""street_number"":""37"",""suburb"":""Hectorville""}"
129,1612,PWA,Developer,Campbelltown City Council,4,,,,,5073,1026,residential,,,,East Street,,37,Hectorville,,"{""agreement"":""PWA"",""client_type"":""Developer"",""council"":""Campbelltown City Council"",""job_sequence"":4,""postcode"":""5073"",""project_number"":1026,""project_type"":""residential"",""street"":""East Street"",""street_number"":""37"",""suburb"":""Hectorville""}"
130,1613,PWA,Developer,Campbelltown City Council,5,,,,,5073,1026,residential,,,,East Street,,37,Hectorville,,"{""agreement"":""PWA"",""client_type"":""Developer"",""council"":""Campbelltown City Council"",""job_sequence"":5,""postcode"":""5073"",""project_number"":1026,""project_type"":""residential"",""street"":""East Street"",""street_number"":""37"",""suburb"":""Hectorville""}"
131,1614,PWA,Developer,Campbelltown City Council,6,,,,,5073,1026,residential,,,,East Street,,37,Hectorville,,"{""agreement"":""PWA"",""client_type"":""Developer"",""council"":""Campbelltown City Council"",""job_sequence"":6,""postcode"":""5073"",""project_number"":1026,""project_type"":""residential"",""street"":""East Street"",""street_number"":""37"",""suburb"":""Hectorville""}"
132,1615,PWA,Developer,Campbelltown City Council,7,,,,,5073,1026,residential,,,,East Street,,37,Hectorville,,"{""agreement"":""PWA"",""client_type"":""Developer"",""council"":""Campbelltown City Council"",""job_sequence"":7,""postcode"":""5073"",""project_number"":1026,""project_type"":""residential"",""street"":""East Street"",""street_number"":""37"",""suburb"":""Hectorville""}"
133,1616,PWA,Developer,Campbelltown City Council,8,,,,,5073,1026,residential,,,,East Street,,37,Hectorville,,"{""agreement"":""PWA"",""client_type"":""Developer"",""council"":""Campbelltown City Council"",""job_sequence"":8,""postcode"":""5073"",""project_number"":1026,""project_type"":""residential"",""street"":""East Street"",""street_number"":""37"",""suburb"":""Hectorville""}"
134,1617,PWA,Developer,Campbelltown City Council,9,,,,,5073,1026,residential,,,,East Street,,37,Hectorville,,"{""agreement"":""PWA"",""client_type"":""Developer"",""council"":""Campbelltown City Council"",""job_sequence"":9,""postcode"":""5073"",""project_number"":1026,""project_type"":""residential"",""street"":""East Street"",""street_number"":""37"",""suburb"":""Hectorville""}"
135,1618,PWA,Developer,Campbelltown City Council,10,,,,,5073,1026,residential,,,,East Street,,37,Hectorville,,"{""agreement"":""PWA"",""client_type"":""Developer"",""council"":""Campbelltown City Council"",""job_sequence"":10,""postcode"":""5073"",""project_number"":1026,""project_type"":""residential"",""street"":""East Street"",""street_number"":""37"",""suburb"":""Hectorville""}"
136,1619,PWA,Developer,Campbelltown City Council,11,,,,,5073,1026,residential,,,,East Street,,37,Hectorville,,"{""agreement"":""PWA"",""client_type"":""Developer"",""council"":""Campbelltown City Council"",""job_sequence"":11,""postcode"":""5073"",""project_number"":1026,""project_type"":""residential"",""street"":""East Street"",""street_number"":""37"",""suburb"":""Hectorville""}"
137,1620,PWA,Developer,Campbelltown City Council,12,,,,,5073,1026,residential,,,,East Street,,37,Hectorville,,"{""agreement"":""PWA"",""client_type"":""Developer"",""council"":""Campbelltown City Council"",""job_sequence"":12,""postcode"":""5073"",""project_number"":1026,""project_type"":""residential"",""street"":""East Street"",""street_number"":""37"",""suburb"":""Hectorville""}"
138,1621,PWA,Developer,Campbelltown City Council,13,,,,,5073,1026,residential,,,,East Street,,37,Hectorville,,"{""agreement"":""PWA"",""client_type"":""Developer"",""council"":""Campbelltown City Council"",""job_sequence"":13,""postcode"":""5073"",""project_number"":1026,""project_type"":""residential"",""street"":""East Street"",""street_number"":""37"",""suburb"":""Hectorville""}"
139,1622,PWA,Developer,Campbelltown City Council,14,,,,,5073,1026,residential,,,,East Street,,37,Hectorville,,"{""agreement"":""PWA"",""client_type"":""Developer"",""council"":""Campbelltown City Council"",""job_sequence"":14,""postcode"":""5073"",""project_number"":1026,""project_type"":""residential"",""street"":""East Street"",""street_number"":""37"",""suburb"":""Hectorville""}"
140,1623,PWA,Developer,Campbelltown City Council,15,,,,,5073,1026,residential,,,,East Street,,37,Hectorville,,"{""agreement"":""PWA"",""client_type"":""Developer"",""council"":""Campbelltown City Council"",""job_sequence"":15,""postcode"":""5073"",""project_number"":1026,""project_type"":""residential"",""street"":""East Street"",""street_number"":""37"",""suburb"":""Hectorville""}"
141,1624,PWA,Developer,Campbelltown City Council,16,,,,,5073,1026,residential,,,,East Street,,37,Hectorville,,"{""agreement"":""PWA"",""client_type"":""Developer"",""council"":""Campbelltown City Council"",""job_sequence"":16,""postcode"":""5073"",""project_number"":1026,""project_type"":""residential"",""street"":""East Street"",""street_number"":""37"",""suburb"":""Hectorville""}"
142,1625,PWA,Developer,Campbelltown City Council,17,,,,,5073,1026,residential,,,,East Street,,37,Hectorville,,"{""agreement"":""PWA"",""client_type"":""Developer"",""council"":""Campbelltown City Council"",""job_sequence"":17,""postcode"":""5073"",""project_number"":1026,""project_type"":""residential"",""street"":""East Street"",""street_number"":""37"",""suburb"":""Hectorville""}"
143,1626,PWA,Developer,Campbelltown City Council,18,,,,,5073,1026,residential,,,,East Street,,37,Hectorville,,"{""agreement"":""PWA"",""client_type"":""Developer"",""council"":""Campbelltown City Council"",""job_sequence"":18,""postcode"":""5073"",""project_number"":1026,""project_type"":""residential"",""street"":""East Street"",""street_number"":""37"",""suburb"":""Hectorville""}"
144,1627,PWA,Developer,Campbelltown City Council,19,,,,,5073,1026,residential,,,,East Street,,37,Hectorville,,"{""agreement"":""PWA"",""client_type"":""Developer"",""council"":""Campbelltown City Council"",""job_sequence"":19,""postcode"":""5073"",""project_number"":1026,""project_type"":""residential"",""street"":""East Street"",""street_number"":""37"",""suburb"":""Hectorville""}"
145,1628,PWA,Developer,Campbelltown City Council,20,,,,,5073,1026,residential,,,,East Street,,37,Hectorville,,"{""agreement"":""PWA"",""client_type"":""Developer"",""council"":""Campbelltown City Council"",""job_sequence"":20,""postcode"":""5073"",""project_number"":1026,""project_type"":""residential"",""street"":""East Street"",""street_number"":""37"",""suburb"":""Hectorville""}"
146,1629,PWA,Developer,Campbelltown City Council,21,,,,,5073,1026,residential,,,,East Street,,37,Hectorville,,"{""agreement"":""PWA"",""client_type"":""Developer"",""council"":""Campbelltown City Council"",""job_sequence"":21,""postcode"":""5073"",""project_number"":1026,""project_type"":""residential"",""street"":""East Street"",""street_number"":""37"",""suburb"":""Hectorville""}"
147,1630,PWA,Developer,Campbelltown City Council,22,,,,,5073,1026,residential,,,,East Street,,37,Hectorville,,"{""agreement"":""PWA"",""client_type"":""Developer"",""council"":""Campbelltown City Council"",""job_sequence"":22,""postcode"":""5073"",""project_number"":1026,""project_type"":""residential"",""street"":""East Street"",""street_number"":""37"",""suburb"":""Hectorville""}"
148,,,Developer,,1,,,,,,1027,residential,,no site address in the source,,,,,,,"{""client_type"":""Developer"",""job_sequence"":1,""project_number"":1027,""project_type"":""residential"",""skip_reason"":""no site address in the source""}"
149,,,Developer,,1,,,,,,1028,residential,,no site address in the source,,,,,,,"{""client_type"":""Developer"",""job_sequence"":1,""project_number"":1028,""project_type"":""residential"",""skip_reason"":""no site address in the source""}"
150,,,Developer,,1,,,,,,1029,residential,,no site address in the source,,,,,,,"{""client_type"":""Developer"",""job_sequence"":1,""project_number"":1029,""project_type"":""residential"",""skip_reason"":""no site address in the source""}"
151,1658,PWA,Developer,Rural City of Murray Bridge,1,Lot 12,12,,,5253,1030,residential,,,,Young Court,,,Murray Bridge,,"{""agreement"":""PWA"",""client_type"":""Developer"",""council"":""Rural City of Murray Bridge"",""job_sequence"":1,""lot_label"":""Lot 12"",""lot_number"":""12"",""postcode"":""5253"",""project_number"":1030,""project_type"":""residential"",""street"":""Young Court"",""suburb"":""Murray Bridge""}"
152,1659,PWA,Developer,Rural City of Murray Bridge,2,Lot 13,13,,,5253,1030,residential,,,,Young Court,,,Murray Bridge,,"{""agreement"":""PWA"",""client_type"":""Developer"",""council"":""Rural City of Murray Bridge"",""job_sequence"":2,""lot_label"":""Lot 13"",""lot_number"":""13"",""postcode"":""5253"",""project_number"":1030,""project_type"":""residential"",""street"":""Young Court"",""suburb"":""Murray Bridge""}"
153,1660,PWA,Developer,Rural City of Murray Bridge,1,Lot 21,21,,,5253,1031,residential,,,,Ellendale Road,,,Murray Bridge,,"{""agreement"":""PWA"",""client_type"":""Developer"",""council"":""Rural City of Murray Bridge"",""job_sequence"":1,""lot_label"":""Lot 21"",""lot_number"":""21"",""postcode"":""5253"",""project_number"":1031,""project_type"":""residential"",""street"":""Ellendale Road"",""suburb"":""Murray Bridge""}"
154,1661,PWA,Developer,Rural City of Murray Bridge,2,Lot 22,22,,,5253,1031,residential,,,,Ellendale Road,,,Murray Bridge,,"{""agreement"":""PWA"",""client_type"":""Developer"",""council"":""Rural City of Murray Bridge"",""job_sequence"":2,""lot_label"":""Lot 22"",""lot_number"":""22"",""postcode"":""5253"",""project_number"":1031,""project_type"":""residential"",""street"":""Ellendale Road"",""suburb"":""Murray Bridge""}"
155,1662,PWA,Developer,Rural City of Murray Bridge,1,Lot 52,52,,,5253,1032,residential,,,,Piper Court,,,Murray Bridge,,"{""agreement"":""PWA"",""client_type"":""Developer"",""council"":""Rural City of Murray Bridge"",""job_sequence"":1,""lot_label"":""Lot 52"",""lot_number"":""52"",""postcode"":""5253"",""project_number"":1032,""project_type"":""residential"",""street"":""Piper Court"",""suburb"":""Murray Bridge""}"
156,1663,PWA,Developer,Rural City of Murray Bridge,2,Lot 56,56,,,5253,1032,residential,,,,Piper Court,,,Murray Bridge,,"{""agreement"":""PWA"",""client_type"":""Developer"",""council"":""Rural City of Murray Bridge"",""job_sequence"":2,""lot_label"":""Lot 56"",""lot_number"":""56"",""postcode"":""5253"",""project_number"":1032,""project_type"":""residential"",""street"":""Piper Court"",""suburb"":""Murray Bridge""}"
157,1674,PWA,Developer,City of Salisbury,1,Res 1,,,,5108,1033,residential,,,,Luke Ave,Res 1,2,Salisbury Downs,,"{""agreement"":""PWA"",""client_type"":""Developer"",""council"":""City of Salisbury"",""job_sequence"":1,""lot_label"":""Res 1"",""postcode"":""5108"",""project_number"":1033,""project_type"":""residential"",""street"":""Luke Ave"",""street_2"":""Res 1"",""street_number"":""2"",""suburb"":""Salisbury Downs""}"
158,1675,PWA,Developer,City of Salisbury,2,Res 2,,,,5108,1033,residential,,,,Luke Ave,Res 2,2,Salisbury Downs,,"{""agreement"":""PWA"",""client_type"":""Developer"",""council"":""City of Salisbury"",""job_sequence"":2,""lot_label"":""Res 2"",""postcode"":""5108"",""project_number"":1033,""project_type"":""residential"",""street"":""Luke Ave"",""street_2"":""Res 2"",""street_number"":""2"",""suburb"":""Salisbury Downs""}"
159,1676,PWA,Developer,City of Salisbury,3,Res 3,,,,5108,1033,residential,,,,Luke Ave,Res 3,2,Salisbury Downs,,"{""agreement"":""PWA"",""client_type"":""Developer"",""council"":""City of Salisbury"",""job_sequence"":3,""lot_label"":""Res 3"",""postcode"":""5108"",""project_number"":1033,""project_type"":""residential"",""street"":""Luke Ave"",""street_2"":""Res 3"",""street_number"":""2"",""suburb"":""Salisbury Downs""}"
160,1677,PWA,Developer,City of Salisbury,4,Res 4,,,,5108,1033,residential,,,,Luke Ave,Res 4,2,Salisbury Downs,,"{""agreement"":""PWA"",""client_type"":""Developer"",""council"":""City of Salisbury"",""job_sequence"":4,""lot_label"":""Res 4"",""postcode"":""5108"",""project_number"":1033,""project_type"":""residential"",""street"":""Luke Ave"",""street_2"":""Res 4"",""street_number"":""2"",""suburb"":""Salisbury Downs""}"
161,1678,PWA,Developer,City of Salisbury,5,Res 5,,,,5108,1033,residential,,,,Luke Ave,Res 5,2,Salisbury Downs,,"{""agreement"":""PWA"",""client_type"":""Developer"",""council"":""City of Salisbury"",""job_sequence"":5,""lot_label"":""Res 5"",""postcode"":""5108"",""project_number"":1033,""project_type"":""residential"",""street"":""Luke Ave"",""street_2"":""Res 5"",""street_number"":""2"",""suburb"":""Salisbury Downs""}"
162,1679,PWA,Developer,City of Salisbury,6,Res 6,,,,5108,1033,residential,,,,Luke Ave,Res 6,2,Salisbury Downs,,"{""agreement"":""PWA"",""client_type"":""Developer"",""council"":""City of Salisbury"",""job_sequence"":6,""lot_label"":""Res 6"",""postcode"":""5108"",""project_number"":1033,""project_type"":""residential"",""street"":""Luke Ave"",""street_2"":""Res 6"",""street_number"":""2"",""suburb"":""Salisbury Downs""}"
163,1680,PWA,Developer,City of Salisbury,7,Res 7,,,,5108,1033,residential,,,,Luke Ave,Res 7,2,Salisbury Downs,,"{""agreement"":""PWA"",""client_type"":""Developer"",""council"":""City of Salisbury"",""job_sequence"":7,""lot_label"":""Res 7"",""postcode"":""5108"",""project_number"":1033,""project_type"":""residential"",""street"":""Luke Ave"",""street_2"":""Res 7"",""street_number"":""2"",""suburb"":""Salisbury Downs""}"
164,1681,PWA,Developer,City of Salisbury,8,Res 8,,,,5108,1033,residential,,,,Luke Ave,Res 8,2,Salisbury Downs,,"{""agreement"":""PWA"",""client_type"":""Developer"",""council"":""City of Salisbury"",""job_sequence"":8,""lot_label"":""Res 8"",""postcode"":""5108"",""project_number"":1033,""project_type"":""residential"",""street"":""Luke Ave"",""street_2"":""Res 8"",""street_number"":""2"",""suburb"":""Salisbury Downs""}"
165,1682,PWA,Developer,City of Salisbury,9,Res 9,,,,5108,1033,residential,,,,Luke Ave,Res 9,2,Salisbury Downs,,"{""agreement"":""PWA"",""client_type"":""Developer"",""council"":""City of Salisbury"",""job_sequence"":9,""lot_label"":""Res 9"",""postcode"":""5108"",""project_number"":1033,""project_type"":""residential"",""street"":""Luke Ave"",""street_2"":""Res 9"",""street_number"":""2"",""suburb"":""Salisbury Downs""}"
166,1683,PWA,Developer,City of Salisbury,10,Res 10,,,,5108,1033,residential,,,,Luke Ave,Res 10,2,Salisbury Downs,,"{""agreement"":""PWA"",""client_type"":""Developer"",""council"":""City of Salisbury"",""job_sequence"":10,""lot_label"":""Res 10"",""postcode"":""5108"",""project_number"":1033,""project_type"":""residential"",""street"":""Luke Ave"",""street_2"":""Res 10"",""street_number"":""2"",""suburb"":""Salisbury Downs""}"
167,1684,PWA,Developer,City of Salisbury,11,Res 11,,,,5108,1033,residential,,,,Luke Ave,Res 11,2,Salisbury Downs,,"{""agreement"":""PWA"",""client_type"":""Developer"",""council"":""City of Salisbury"",""job_sequence"":11,""lot_label"":""Res 11"",""postcode"":""5108"",""project_number"":1033,""project_type"":""residential"",""street"":""Luke Ave"",""street_2"":""Res 11"",""street_number"":""2"",""suburb"":""Salisbury Downs""}"
168,1685,PWA,Developer,City of Salisbury,12,Res 12,,,,5108,1033,residential,,,,Luke Ave,Res 12,2,Salisbury Downs,,"{""agreement"":""PWA"",""client_type"":""Developer"",""council"":""City of Salisbury"",""job_sequence"":12,""lot_label"":""Res 12"",""postcode"":""5108"",""project_number"":1033,""project_type"":""residential"",""street"":""Luke Ave"",""street_2"":""Res 12"",""street_number"":""2"",""suburb"":""Salisbury Downs""}"
169,1686,PWA,Developer,City of Salisbury,13,Res 13,,,,5108,1033,residential,,,,Luke Ave,Res 13,2,Salisbury Downs,,"{""agreement"":""PWA"",""client_type"":""Developer"",""council"":""City of Salisbury"",""job_sequence"":13,""lot_label"":""Res 13"",""postcode"":""5108"",""project_number"":1033,""project_type"":""residential"",""street"":""Luke Ave"",""street_2"":""Res 13"",""street_number"":""2"",""suburb"":""Salisbury Downs""}"
170,1687,PWA,Developer,City of Salisbury,14,Res 14,,,,5108,1033,residential,,,,Luke Ave,Res 14,2,Salisbury Downs,,"{""agreement"":""PWA"",""client_type"":""Developer"",""council"":""City of Salisbury"",""job_sequence"":14,""lot_label"":""Res 14"",""postcode"":""5108"",""project_number"":1033,""project_type"":""residential"",""street"":""Luke Ave"",""street_2"":""Res 14"",""street_number"":""2"",""suburb"":""Salisbury Downs""}"
171,1688,PWA,Developer,City of Salisbury,15,Res 15,,,,5108,1033,residential,,,,Luke Ave,Res 15,2,Salisbury Downs,,"{""agreement"":""PWA"",""client_type"":""Developer"",""council"":""City of Salisbury"",""job_sequence"":15,""lot_label"":""Res 15"",""postcode"":""5108"",""project_number"":1033,""project_type"":""residential"",""street"":""Luke Ave"",""street_2"":""Res 15"",""street_number"":""2"",""suburb"":""Salisbury Downs""}"
172,1689,PWA,Developer,City of Salisbury,16,Res 16,,,,5108,1033,residential,,,,Luke Ave,Res 16,2,Salisbury Downs,,"{""agreement"":""PWA"",""client_type"":""Developer"",""council"":""City of Salisbury"",""job_sequence"":16,""lot_label"":""Res 16"",""postcode"":""5108"",""project_number"":1033,""project_type"":""residential"",""street"":""Luke Ave"",""street_2"":""Res 16"",""street_number"":""2"",""suburb"":""Salisbury Downs""}"
173,1690,PWA,Developer,City of Salisbury,17,Res 17,,,,5108,1033,residential,,,,Luke Ave,Res 17,2,Salisbury Downs,,"{""agreement"":""PWA"",""client_type"":""Developer"",""council"":""City of Salisbury"",""job_sequence"":17,""lot_label"":""Res 17"",""postcode"":""5108"",""project_number"":1033,""project_type"":""residential"",""street"":""Luke Ave"",""street_2"":""Res 17"",""street_number"":""2"",""suburb"":""Salisbury Downs""}"
174,1691,PWA,Developer,City of Salisbury,18,Res 18,,,,5108,1033,residential,,,,Luke Ave,Res 18,2,Salisbury Downs,,"{""agreement"":""PWA"",""client_type"":""Developer"",""council"":""City of Salisbury"",""job_sequence"":18,""lot_label"":""Res 18"",""postcode"":""5108"",""project_number"":1033,""project_type"":""residential"",""street"":""Luke Ave"",""street_2"":""Res 18"",""street_number"":""2"",""suburb"":""Salisbury Downs""}"
175,1692,PWA,Developer,City of Salisbury,19,Res 19,,,,5108,1033,residential,,,,Luke Ave,Res 19,2,Salisbury Downs,,"{""agreement"":""PWA"",""client_type"":""Developer"",""council"":""City of Salisbury"",""job_sequence"":19,""lot_label"":""Res 19"",""postcode"":""5108"",""project_number"":1033,""project_type"":""residential"",""street"":""Luke Ave"",""street_2"":""Res 19"",""street_number"":""2"",""suburb"":""Salisbury Downs""}"
176,1693,PWA,Developer,City of Salisbury,20,Res 20,,,,5108,1033,residential,,,,Luke Ave,Res 20,2,Salisbury Downs,,"{""agreement"":""PWA"",""client_type"":""Developer"",""council"":""City of Salisbury"",""job_sequence"":20,""lot_label"":""Res 20"",""postcode"":""5108"",""project_number"":1033,""project_type"":""residential"",""street"":""Luke Ave"",""street_2"":""Res 20"",""street_number"":""2"",""suburb"":""Salisbury Downs""}"
177,1694,PWA,Developer,City of Salisbury,21,Res 21,,,,5108,1033,residential,,,,Luke Ave,Res 21,2,Salisbury Downs,,"{""agreement"":""PWA"",""client_type"":""Developer"",""council"":""City of Salisbury"",""job_sequence"":21,""lot_label"":""Res 21"",""postcode"":""5108"",""project_number"":1033,""project_type"":""residential"",""street"":""Luke Ave"",""street_2"":""Res 21"",""street_number"":""2"",""suburb"":""Salisbury Downs""}"
178,1695,PWA,Developer,City of Salisbury,22,Res 22,,,,5108,1033,residential,,,,Luke Ave,Res 22,2,Salisbury Downs,,"{""agreement"":""PWA"",""client_type"":""Developer"",""council"":""City of Salisbury"",""job_sequence"":22,""lot_label"":""Res 22"",""postcode"":""5108"",""project_number"":1033,""project_type"":""residential"",""street"":""Luke Ave"",""street_2"":""Res 22"",""street_number"":""2"",""suburb"":""Salisbury Downs""}"
179,1696,PWA,Developer,City of Salisbury,23,Res 23,,,,5108,1033,residential,,,,Luke Ave,Res 23,2,Salisbury Downs,,"{""agreement"":""PWA"",""client_type"":""Developer"",""council"":""City of Salisbury"",""job_sequence"":23,""lot_label"":""Res 23"",""postcode"":""5108"",""project_number"":1033,""project_type"":""residential"",""street"":""Luke Ave"",""street_2"":""Res 23"",""street_number"":""2"",""suburb"":""Salisbury Downs""}"
180,1697,PWA,Developer,City of Salisbury,24,Res 24,,,,5108,1033,residential,,,,Luke Ave,Res 24,2,Salisbury Downs,,"{""agreement"":""PWA"",""client_type"":""Developer"",""council"":""City of Salisbury"",""job_sequence"":24,""lot_label"":""Res 24"",""postcode"":""5108"",""project_number"":1033,""project_type"":""residential"",""street"":""Luke Ave"",""street_2"":""Res 24"",""street_number"":""2"",""suburb"":""Salisbury Downs""}"
181,1698,PWA,Developer,City of Salisbury,25,Res 25,,,,5108,1033,residential,,,,Luke Ave,Res 25,2,Salisbury Downs,,"{""agreement"":""PWA"",""client_type"":""Developer"",""council"":""City of Salisbury"",""job_sequence"":25,""lot_label"":""Res 25"",""postcode"":""5108"",""project_number"":1033,""project_type"":""residential"",""street"":""Luke Ave"",""street_2"":""Res 25"",""street_number"":""2"",""suburb"":""Salisbury Downs""}"
182,1699,PWA,Developer,City of Salisbury,26,Res 26,,,,5108,1033,residential,,,,Luke Ave,Res 26,2,Salisbury Downs,,"{""agreement"":""PWA"",""client_type"":""Developer"",""council"":""City of Salisbury"",""job_sequence"":26,""lot_label"":""Res 26"",""postcode"":""5108"",""project_number"":1033,""project_type"":""residential"",""street"":""Luke Ave"",""street_2"":""Res 26"",""street_number"":""2"",""suburb"":""Salisbury Downs""}"
183,1704,PWA,Retail,City of Onkaparinga,1,Lot 1,1,,,5165,1034,residential,,,,Guthrie Road,,28,Christies Beach,,"{""agreement"":""PWA"",""client_type"":""Retail"",""council"":""City of Onkaparinga"",""job_sequence"":1,""lot_label"":""Lot 1"",""lot_number"":""1"",""postcode"":""5165"",""project_number"":1034,""project_type"":""residential"",""street"":""Guthrie Road"",""street_number"":""28"",""suburb"":""Christies Beach""}"
184,1705,PWA,Retail,City of Onkaparinga,2,Lot 2,2,,,5165,1034,residential,,,,Guthrie Road,,28,Christies Beach,,"{""agreement"":""PWA"",""client_type"":""Retail"",""council"":""City of Onkaparinga"",""job_sequence"":2,""lot_label"":""Lot 2"",""lot_number"":""2"",""postcode"":""5165"",""project_number"":1034,""project_type"":""residential"",""street"":""Guthrie Road"",""street_number"":""28"",""suburb"":""Christies Beach""}"
185,1706,PWA,Retail,City of Onkaparinga,3,Lot 3,3,,,5165,1034,residential,,,,Guthrie Road,,28,Christies Beach,,"{""agreement"":""PWA"",""client_type"":""Retail"",""council"":""City of Onkaparinga"",""job_sequence"":3,""lot_label"":""Lot 3"",""lot_number"":""3"",""postcode"":""5165"",""project_number"":1034,""project_type"":""residential"",""street"":""Guthrie Road"",""street_number"":""28"",""suburb"":""Christies Beach""}"
186,1707,PWA,Retail,City of Onkaparinga,4,Lot 4,4,,,5165,1034,residential,,,,Guthrie Road,,28,Christies Beach,,"{""agreement"":""PWA"",""client_type"":""Retail"",""council"":""City of Onkaparinga"",""job_sequence"":4,""lot_label"":""Lot 4"",""lot_number"":""4"",""postcode"":""5165"",""project_number"":1034,""project_type"":""residential"",""street"":""Guthrie Road"",""street_number"":""28"",""suburb"":""Christies Beach""}"
187,1708,PWA,Retail,City of Onkaparinga,5,Lot 5,5,,,5165,1034,residential,,,,Guthrie Road,,28,Christies Beach,,"{""agreement"":""PWA"",""client_type"":""Retail"",""council"":""City of Onkaparinga"",""job_sequence"":5,""lot_label"":""Lot 5"",""lot_number"":""5"",""postcode"":""5165"",""project_number"":1034,""project_type"":""residential"",""street"":""Guthrie Road"",""street_number"":""28"",""suburb"":""Christies Beach""}"
188,1709,PWA,Retail,City of Onkaparinga,6,Lot 6,6,,,5165,1034,residential,,,,Guthrie Road,,28,Christies Beach,,"{""agreement"":""PWA"",""client_type"":""Retail"",""council"":""City of Onkaparinga"",""job_sequence"":6,""lot_label"":""Lot 6"",""lot_number"":""6"",""postcode"":""5165"",""project_number"":1034,""project_type"":""residential"",""street"":""Guthrie Road"",""street_number"":""28"",""suburb"":""Christies Beach""}"
189,1719,PWA,Retail,The Barossa Council,1,,,"['street note dropped from the street name: (formally 15 Mckinlay)', 'suburb recognised from the end of the street cell']",,5118,1035,residential,{'street': 'Mortimer Ave (formally 15 Mckinlay) Gawler East'},,,Mortimer Ave,,10,Gawler East,,"{""agreement"":""PWA"",""client_type"":""Retail"",""council"":""The Barossa Council"",""job_sequence"":1,""notes"":[""street note dropped from the street name: (formally 15 Mckinlay)"",""suburb recognised from the end of the street cell""],""postcode"":""5118"",""project_number"":1035,""project_type"":""residential"",""respelled"":{""street"":""Mortimer Ave (formally 15 Mckinlay) Gawler East""},""street"":""Mortimer Ave"",""street_number"":""10"",""suburb"":""Gawler East""}"
190,1724,PWA,Retail,City of Charles Sturt,1,,,,,5022,1036,residential,,,on hold,Henderson St,,8,Henley Beach,,"{""agreement"":""PWA"",""client_type"":""Retail"",""council"":""City of Charles Sturt"",""job_sequence"":1,""postcode"":""5022"",""project_number"":1036,""project_type"":""residential"",""source_stage"":""on hold"",""street"":""Henderson St"",""street_number"":""8"",""suburb"":""Henley Beach""}"
191,1725,PWA,Retail,City of Charles Sturt,2,,,,,5022,1036,residential,,,on hold,Henderson St,,8,Henley Beach,,"{""agreement"":""PWA"",""client_type"":""Retail"",""council"":""City of Charles Sturt"",""job_sequence"":2,""postcode"":""5022"",""project_number"":1036,""project_type"":""residential"",""source_stage"":""on hold"",""street"":""Henderson St"",""street_number"":""8"",""suburb"":""Henley Beach""}"
192,1730,PWA,Retail,City of Mitcham,1,,,,,5042,1037,residential,,,,Stanlake Ave,,25,St Marys,,"{""agreement"":""PWA"",""client_type"":""Retail"",""council"":""City of Mitcham"",""job_sequence"":1,""postcode"":""5042"",""project_number"":1037,""project_type"":""residential"",""street"":""Stanlake Ave"",""street_number"":""25"",""suburb"":""St Marys""}"
193,1731,PWA,Retail,City of Mitcham,2,,,,,5042,1037,residential,,,,Stanlake Ave,,25,St Marys,,"{""agreement"":""PWA"",""client_type"":""Retail"",""council"":""City of Mitcham"",""job_sequence"":2,""postcode"":""5042"",""project_number"":1037,""project_type"":""residential"",""street"":""Stanlake Ave"",""street_number"":""25"",""suburb"":""St Marys""}"
194,1763,PWA,Developer,Campbelltown City Council,1,Res 1,,,,5074,1038,residential,,,,Coronation Ave,Res 1,23,Campbelltown,,"{""agreement"":""PWA"",""client_type"":""Developer"",""council"":""Campbelltown City Council"",""job_sequence"":1,""lot_label"":""Res 1"",""postcode"":""5074"",""project_number"":1038,""project_type"":""residential"",""street"":""Coronation Ave"",""street_2"":""Res 1"",""street_number"":""23"",""suburb"":""Campbelltown""}"
195,1764,PWA,Developer,Campbelltown City Council,2,Res 2,,,,5074,1038,residential,,,,Coronation Ave,Res 2,23,Campbelltown,,"{""agreement"":""PWA"",""client_type"":""Developer"",""council"":""Campbelltown City Council"",""job_sequence"":2,""lot_label"":""Res 2"",""postcode"":""5074"",""project_number"":1038,""project_type"":""residential"",""street"":""Coronation Ave"",""street_2"":""Res 2"",""street_number"":""23"",""suburb"":""Campbelltown""}"
196,1765,PWA,Developer,Campbelltown City Council,3,Res 3,,,,5074,1038,residential,,,,Coronation Ave,Res 3,23,Campbelltown,,"{""agreement"":""PWA"",""client_type"":""Developer"",""council"":""Campbelltown City Council"",""job_sequence"":3,""lot_label"":""Res 3"",""postcode"":""5074"",""project_number"":1038,""project_type"":""residential"",""street"":""Coronation Ave"",""street_2"":""Res 3"",""street_number"":""23"",""suburb"":""Campbelltown""}"
197,1766,PWA,Developer,Campbelltown City Council,4,Res 4,,,,5074,1038,residential,,,,Coronation Ave,Res 4,23,Campbelltown,,"{""agreement"":""PWA"",""client_type"":""Developer"",""council"":""Campbelltown City Council"",""job_sequence"":4,""lot_label"":""Res 4"",""postcode"":""5074"",""project_number"":1038,""project_type"":""residential"",""street"":""Coronation Ave"",""street_2"":""Res 4"",""street_number"":""23"",""suburb"":""Campbelltown""}"
198,1767,PWA,Developer,Campbelltown City Council,5,Res 5,,,,5074,1038,residential,,,,Coronation Ave,Res 5,23,Campbelltown,,"{""agreement"":""PWA"",""client_type"":""Developer"",""council"":""Campbelltown City Council"",""job_sequence"":5,""lot_label"":""Res 5"",""postcode"":""5074"",""project_number"":1038,""project_type"":""residential"",""street"":""Coronation Ave"",""street_2"":""Res 5"",""street_number"":""23"",""suburb"":""Campbelltown""}"
199,1752,PWA,Retail,City of Onkaparinga,1,Lot 1,1,,,5168,1039,residential,,,,Alor Court,,9,Noarlunga Downs,,"{""agreement"":""PWA"",""client_type"":""Retail"",""council"":""City of Onkaparinga"",""job_sequence"":1,""lot_label"":""Lot 1"",""lot_number"":""1"",""postcode"":""5168"",""project_number"":1039,""project_type"":""residential"",""street"":""Alor Court"",""street_number"":""9"",""suburb"":""Noarlunga Downs""}"
200,1753,PWA,Retail,City of Onkaparinga,2,Lot 2,2,,,5168,1039,residential,,,,Alor Court,,9,Noarlunga Downs,,"{""agreement"":""PWA"",""client_type"":""Retail"",""council"":""City of Onkaparinga"",""job_sequence"":2,""lot_label"":""Lot 2"",""lot_number"":""2"",""postcode"":""5168"",""project_number"":1039,""project_type"":""residential"",""street"":""Alor Court"",""street_number"":""9"",""suburb"":""Noarlunga Downs""}"
201,1754,PWA,Retail,City of Onkaparinga,3,Lot 3,3,,,5168,1039,residential,,,,Alor Court,,9,Noarlunga Downs,,"{""agreement"":""PWA"",""client_type"":""Retail"",""council"":""City of Onkaparinga"",""job_sequence"":3,""lot_label"":""Lot 3"",""lot_number"":""3"",""postcode"":""5168"",""project_number"":1039,""project_type"":""residential"",""street"":""Alor Court"",""street_number"":""9"",""suburb"":""Noarlunga Downs""}"
202,1755,,Retail,City of Onkaparinga,4,Lot 4,4,,,5168,1039,residential,,,,Alor Court,,9,Noarlunga Downs,,"{""client_type"":""Retail"",""council"":""City of Onkaparinga"",""job_sequence"":4,""lot_label"":""Lot 4"",""lot_number"":""4"",""postcode"":""5168"",""project_number"":1039,""project_type"":""residential"",""street"":""Alor Court"",""street_number"":""9"",""suburb"":""Noarlunga Downs""}"
203,1756,PWA,Retail,City of Onkaparinga,5,Lot 5,5,,,5168,1039,residential,,,,Alor Court,,9,Noarlunga Downs,,"{""agreement"":""PWA"",""client_type"":""Retail"",""council"":""City of Onkaparinga"",""job_sequence"":5,""lot_label"":""Lot 5"",""lot_number"":""5"",""postcode"":""5168"",""project_number"":1039,""project_type"":""residential"",""street"":""Alor Court"",""street_number"":""9"",""suburb"":""Noarlunga Downs""}"
204,1759,PWA,Retail,City of Playford,1,Lot 2,2,,,5113,1040,residential,,,,Stratton Road,,25,Elizabeth Downs,,"{""agreement"":""PWA"",""client_type"":""Retail"",""council"":""City of Playford"",""job_sequence"":1,""lot_label"":""Lot 2"",""lot_number"":""2"",""postcode"":""5113"",""project_number"":1040,""project_type"":""residential"",""street"":""Stratton Road"",""street_number"":""25"",""suburb"":""Elizabeth Downs""}"
205,1760,PWA,Retail,City of Playford,2,Lot 1,1,,,5113,1040,residential,,,,Stratton Road,,25,Elizabeth Downs,,"{""agreement"":""PWA"",""client_type"":""Retail"",""council"":""City of Playford"",""job_sequence"":2,""lot_label"":""Lot 1"",""lot_number"":""1"",""postcode"":""5113"",""project_number"":1040,""project_type"":""residential"",""street"":""Stratton Road"",""street_number"":""25"",""suburb"":""Elizabeth Downs""}"
206,1761,PWA,Retail,City of Playford,3,Lot 2,2,,,5113,1040,residential,,,,Stratton Road,,25,Elizabeth Downs,,"{""agreement"":""PWA"",""client_type"":""Retail"",""council"":""City of Playford"",""job_sequence"":3,""lot_label"":""Lot 2"",""lot_number"":""2"",""postcode"":""5113"",""project_number"":1040,""project_type"":""residential"",""street"":""Stratton Road"",""street_number"":""25"",""suburb"":""Elizabeth Downs""}"
207,1762,PWA,,City of Playford,4,Lot 3,3,,,5113,1040,residential,,,,Stratton Road,,25,Elizabeth Downs,,"{""agreement"":""PWA"",""council"":""City of Playford"",""job_sequence"":4,""lot_label"":""Lot 3"",""lot_number"":""3"",""postcode"":""5113"",""project_number"":1040,""project_type"":""residential"",""street"":""Stratton Road"",""street_number"":""25"",""suburb"":""Elizabeth Downs""}"
208,1768,PWA,Retail,City of Playford,1,Lot 1,1,,,5112,1041,residential,,,,Hogarth Road,,233,Elizabeth Grove,,"{""agreement"":""PWA"",""client_type"":""Retail"",""council"":""City of Playford"",""job_sequence"":1,""lot_label"":""Lot 1"",""lot_number"":""1"",""postcode"":""5112"",""project_number"":1041,""project_type"":""residential"",""street"":""Hogarth Road"",""street_number"":""233"",""suburb"":""Elizabeth Grove""}"
209,1769,PWA,Retail,City of Playford,2,Lot 2,2,,,5112,1041,residential,,,,Hogarth Road,,233,Elizabeth Grove,,"{""agreement"":""PWA"",""client_type"":""Retail"",""council"":""City of Playford"",""job_sequence"":2,""lot_label"":""Lot 2"",""lot_number"":""2"",""postcode"":""5112"",""project_number"":1041,""project_type"":""residential"",""street"":""Hogarth Road"",""street_number"":""233"",""suburb"":""Elizabeth Grove""}"
210,1770,PWA,Retail,City of Playford,3,Lot 3,3,,,5112,1041,residential,,,,Hogarth Road,,233,Elizabeth Grove,,"{""agreement"":""PWA"",""client_type"":""Retail"",""council"":""City of Playford"",""job_sequence"":3,""lot_label"":""Lot 3"",""lot_number"":""3"",""postcode"":""5112"",""project_number"":1041,""project_type"":""residential"",""street"":""Hogarth Road"",""street_number"":""233"",""suburb"":""Elizabeth Grove""}"
211,1771,PWA,Retail,City of Playford,4,Lot 4,4,,,5112,1041,residential,,,,Hogarth Road,,233,Elizabeth Grove,,"{""agreement"":""PWA"",""client_type"":""Retail"",""council"":""City of Playford"",""job_sequence"":4,""lot_label"":""Lot 4"",""lot_number"":""4"",""postcode"":""5112"",""project_number"":1041,""project_type"":""residential"",""street"":""Hogarth Road"",""street_number"":""233"",""suburb"":""Elizabeth Grove""}"
212,1772,PWA,Retail,City of Playford,5,Lot 5,5,,,5112,1041,residential,,,,Hogarth Road,,233,Elizabeth Grove,,"{""agreement"":""PWA"",""client_type"":""Retail"",""council"":""City of Playford"",""job_sequence"":5,""lot_label"":""Lot 5"",""lot_number"":""5"",""postcode"":""5112"",""project_number"":1041,""project_type"":""residential"",""street"":""Hogarth Road"",""street_number"":""233"",""suburb"":""Elizabeth Grove""}"
213,1773,PWA,Retail,City of Playford,6,Lot 6,6,,,5112,1041,residential,,,,Hogarth Road,,233,Elizabeth Grove,,"{""agreement"":""PWA"",""client_type"":""Retail"",""council"":""City of Playford"",""job_sequence"":6,""lot_label"":""Lot 6"",""lot_number"":""6"",""postcode"":""5112"",""project_number"":1041,""project_type"":""residential"",""street"":""Hogarth Road"",""street_number"":""233"",""suburb"":""Elizabeth Grove""}"
214,1777,PWA,Retail,City of Onkaparinga,1,Res 1,,,,5164,1042,residential,,,,Edmund st,Res 1,21,Christie Downs,,"{""agreement"":""PWA"",""client_type"":""Retail"",""council"":""City of Onkaparinga"",""job_sequence"":1,""lot_label"":""Res 1"",""postcode"":""5164"",""project_number"":1042,""project_type"":""residential"",""street"":""Edmund st"",""street_2"":""Res 1"",""street_number"":""21"",""suburb"":""Christie Downs""}"
215,1778,PWA,Retail,City of Onkaparinga,2,Res 2,,,,5164,1042,residential,,,,Edmund st,Res 2,21,Christie Downs,,"{""agreement"":""PWA"",""client_type"":""Retail"",""council"":""City of Onkaparinga"",""job_sequence"":2,""lot_label"":""Res 2"",""postcode"":""5164"",""project_number"":1042,""project_type"":""residential"",""street"":""Edmund st"",""street_2"":""Res 2"",""street_number"":""21"",""suburb"":""Christie Downs""}"
216,1779,PWA,Retail,City of Onkaparinga,3,Res 3,,,,5164,1042,residential,,,,Edmund st,Res 3,21,Christie Downs,,"{""agreement"":""PWA"",""client_type"":""Retail"",""council"":""City of Onkaparinga"",""job_sequence"":3,""lot_label"":""Res 3"",""postcode"":""5164"",""project_number"":1042,""project_type"":""residential"",""street"":""Edmund st"",""street_2"":""Res 3"",""street_number"":""21"",""suburb"":""Christie Downs""}"
217,1780,PWA,Retail,City of Onkaparinga,1,Lot 1,1,,,5173,1043,residential,,,,Valiant Road,,3,Port Willunga,,"{""agreement"":""PWA"",""client_type"":""Retail"",""council"":""City of Onkaparinga"",""job_sequence"":1,""lot_label"":""Lot 1"",""lot_number"":""1"",""postcode"":""5173"",""project_number"":1043,""project_type"":""residential"",""street"":""Valiant Road"",""street_number"":""3"",""suburb"":""Port Willunga""}"
218,1781,PWA,Retail,City of Onkaparinga,2,Lot 2,2,,,5173,1043,residential,,,,Valiant Road,,3,Port Willunga,,"{""agreement"":""PWA"",""client_type"":""Retail"",""council"":""City of Onkaparinga"",""job_sequence"":2,""lot_label"":""Lot 2"",""lot_number"":""2"",""postcode"":""5173"",""project_number"":1043,""project_type"":""residential"",""street"":""Valiant Road"",""street_number"":""3"",""suburb"":""Port Willunga""}"
219,1782,PWA,Retail,City of Onkaparinga,3,Lot 3,3,,,5173,1043,residential,,,,Valiant Road,,3,Port Willunga,,"{""agreement"":""PWA"",""client_type"":""Retail"",""council"":""City of Onkaparinga"",""job_sequence"":3,""lot_label"":""Lot 3"",""lot_number"":""3"",""postcode"":""5173"",""project_number"":1043,""project_type"":""residential"",""street"":""Valiant Road"",""street_number"":""3"",""suburb"":""Port Willunga""}"
220,1783,PWA,Retail,City of Charles Sturt,1,,,,,5023,1044,residential,{'suburb': 'Findon (single build)'},,,Chapman Street,,1,Findon,,"{""agreement"":""PWA"",""client_type"":""Retail"",""council"":""City of Charles Sturt"",""job_sequence"":1,""postcode"":""5023"",""project_number"":1044,""project_type"":""residential"",""respelled"":{""suburb"":""Findon (single build)""},""street"":""Chapman Street"",""street_number"":""1"",""suburb"":""Findon""}"
221,1784,PWA,Retail,City of Marion,1,Lot 1,1,,,5043,1045,residential,,,,Raggatt Cres,,31,Mitchell Park,,"{""agreement"":""PWA"",""client_type"":""Retail"",""council"":""City of Marion"",""job_sequence"":1,""lot_label"":""Lot 1"",""lot_number"":""1"",""postcode"":""5043"",""project_number"":1045,""project_type"":""residential"",""street"":""Raggatt Cres"",""street_number"":""31"",""suburb"":""Mitchell Park""}"
222,1785,PWA,Retail,City of Marion,2,Lot 2,2,,,5043,1045,residential,,,,Raggatt Cres,,31,Mitchell Park,,"{""agreement"":""PWA"",""client_type"":""Retail"",""council"":""City of Marion"",""job_sequence"":2,""lot_label"":""Lot 2"",""lot_number"":""2"",""postcode"":""5043"",""project_number"":1045,""project_type"":""residential"",""street"":""Raggatt Cres"",""street_number"":""31"",""suburb"":""Mitchell Park""}"
223,1786,PWA,Retail,City of Marion,3,Lot 3,3,,,5043,1045,residential,,,,Raggatt Cres,,31,Mitchell Park,,"{""agreement"":""PWA"",""client_type"":""Retail"",""council"":""City of Marion"",""job_sequence"":3,""lot_label"":""Lot 3"",""lot_number"":""3"",""postcode"":""5043"",""project_number"":1045,""project_type"":""residential"",""street"":""Raggatt Cres"",""street_number"":""31"",""suburb"":""Mitchell Park""}"
224,1787,PWA,Developer,City of Burnside,1,Lot 1,1,,,5064,1046,residential,,,,Fowlers Road,,1,Glenunga,,"{""agreement"":""PWA"",""client_type"":""Developer"",""council"":""City of Burnside"",""job_sequence"":1,""lot_label"":""Lot 1"",""lot_number"":""1"",""postcode"":""5064"",""project_number"":1046,""project_type"":""residential"",""street"":""Fowlers Road"",""street_number"":""1"",""suburb"":""Glenunga""}"
225,1788,PWA,Developer,City of Burnside,2,Lot 2,2,,,5064,1046,residential,,,,Fowlers Road,,1,Glenunga,,"{""agreement"":""PWA"",""client_type"":""Developer"",""council"":""City of Burnside"",""job_sequence"":2,""lot_label"":""Lot 2"",""lot_number"":""2"",""postcode"":""5064"",""project_number"":1046,""project_type"":""residential"",""street"":""Fowlers Road"",""street_number"":""1"",""suburb"":""Glenunga""}"
226,1789,PWA,Developer,City of Burnside,3,Lot 3,3,,,5064,1046,residential,,,,Fowlers Road,,1,Glenunga,,"{""agreement"":""PWA"",""client_type"":""Developer"",""council"":""City of Burnside"",""job_sequence"":3,""lot_label"":""Lot 3"",""lot_number"":""3"",""postcode"":""5064"",""project_number"":1046,""project_type"":""residential"",""street"":""Fowlers Road"",""street_number"":""1"",""suburb"":""Glenunga""}"
227,1790,PWA,Developer,City of Burnside,4,Lot 4,4,,,5064,1046,residential,,,,Fowlers Road,,1,Glenunga,,"{""agreement"":""PWA"",""client_type"":""Developer"",""council"":""City of Burnside"",""job_sequence"":4,""lot_label"":""Lot 4"",""lot_number"":""4"",""postcode"":""5064"",""project_number"":1046,""project_type"":""residential"",""street"":""Fowlers Road"",""street_number"":""1"",""suburb"":""Glenunga""}"
228,1791,PWA,Developer,City of Burnside,5,Lot 5,5,,,5064,1046,residential,,,,Fowlers Road,,1,Glenunga,,"{""agreement"":""PWA"",""client_type"":""Developer"",""council"":""City of Burnside"",""job_sequence"":5,""lot_label"":""Lot 5"",""lot_number"":""5"",""postcode"":""5064"",""project_number"":1046,""project_type"":""residential"",""street"":""Fowlers Road"",""street_number"":""1"",""suburb"":""Glenunga""}"
229,1792,PWA,Retail,City of Salisbury,1,Lot 1,1,,,5098,1047,residential,,,,Lowan Drive,,13,Ingle Farm,,"{""agreement"":""PWA"",""client_type"":""Retail"",""council"":""City of Salisbury"",""job_sequence"":1,""lot_label"":""Lot 1"",""lot_number"":""1"",""postcode"":""5098"",""project_number"":1047,""project_type"":""residential"",""street"":""Lowan Drive"",""street_number"":""13"",""suburb"":""Ingle Farm""}"
230,1793,PWA,Retail,City of Salisbury,2,Lot 2,2,,,5098,1047,residential,,,,Lowan Drive,,13,Ingle Farm,,"{""agreement"":""PWA"",""client_type"":""Retail"",""council"":""City of Salisbury"",""job_sequence"":2,""lot_label"":""Lot 2"",""lot_number"":""2"",""postcode"":""5098"",""project_number"":1047,""project_type"":""residential"",""street"":""Lowan Drive"",""street_number"":""13"",""suburb"":""Ingle Farm""}"
231,1794,PWA,Retail,City of Salisbury,3,Lot 3,3,,,5098,1047,residential,,,,Lowan Drive,,13,Ingle Farm,,"{""agreement"":""PWA"",""client_type"":""Retail"",""council"":""City of Salisbury"",""job_sequence"":3,""lot_label"":""Lot 3"",""lot_number"":""3"",""postcode"":""5098"",""project_number"":1047,""project_type"":""residential"",""street"":""Lowan Drive"",""street_number"":""13"",""suburb"":""Ingle Farm""}"
232,1798,PWA,Developer,City of Salisbury,1,Lot 1,1,,,5108,1048,residential,,,,Martins Road,,57,Salisbury,,"{""agreement"":""PWA"",""client_type"":""Developer"",""council"":""City of Salisbury"",""job_sequence"":1,""lot_label"":""Lot 1"",""lot_number"":""1"",""postcode"":""5108"",""project_number"":1048,""project_type"":""residential"",""street"":""Martins Road"",""street_number"":""57"",""suburb"":""Salisbury""}"
233,1799,PWA,Developer,City of Salisbury,2,Lot 2,2,,,5108,1048,residential,,,,Martins Road,,57,Salisbury,,"{""agreement"":""PWA"",""client_type"":""Developer"",""council"":""City of Salisbury"",""job_sequence"":2,""lot_label"":""Lot 2"",""lot_number"":""2"",""postcode"":""5108"",""project_number"":1048,""project_type"":""residential"",""street"":""Martins Road"",""street_number"":""57"",""suburb"":""Salisbury""}"
234,1800,PWA,Developer,City of Salisbury,3,Lot 3,3,,,5108,1048,residential,,,,Martins Road,,57,Salisbury,,"{""agreement"":""PWA"",""client_type"":""Developer"",""council"":""City of Salisbury"",""job_sequence"":3,""lot_label"":""Lot 3"",""lot_number"":""3"",""postcode"":""5108"",""project_number"":1048,""project_type"":""residential"",""street"":""Martins Road"",""street_number"":""57"",""suburb"":""Salisbury""}"
235,1801,PWA,Retail,City of Marion,1,Lot 1,1,,,5043,1049,residential,,,,Tweed Ave,,2-4,Marion,,"{""agreement"":""PWA"",""client_type"":""Retail"",""council"":""City of Marion"",""job_sequence"":1,""lot_label"":""Lot 1"",""lot_number"":""1"",""postcode"":""5043"",""project_number"":1049,""project_type"":""residential"",""street"":""Tweed Ave"",""street_number"":""2-4"",""suburb"":""Marion""}"
236,1802,PWA,Retail,City of Marion,2,Lot 1,1,,,5043,1049,residential,,,,Tweed Ave,,2-4,Marion,,"{""agreement"":""PWA"",""client_type"":""Retail"",""council"":""City of Marion"",""job_sequence"":2,""lot_label"":""Lot 1"",""lot_number"":""1"",""postcode"":""5043"",""project_number"":1049,""project_type"":""residential"",""street"":""Tweed Ave"",""street_number"":""2-4"",""suburb"":""Marion""}"
237,1803,PWA,Retail,City of Marion,3,Lot 3,3,,,5043,1049,residential,,,,Tweed Ave,,2-4,Marion,,"{""agreement"":""PWA"",""client_type"":""Retail"",""council"":""City of Marion"",""job_sequence"":3,""lot_label"":""Lot 3"",""lot_number"":""3"",""postcode"":""5043"",""project_number"":1049,""project_type"":""residential"",""street"":""Tweed Ave"",""street_number"":""2-4"",""suburb"":""Marion""}"
238,1804,PWA,Retail,City of Marion,4,Lot 4,4,,,5043,1049,residential,,,,Tweed Ave,,2-4,Marion,,"{""agreement"":""PWA"",""client_type"":""Retail"",""council"":""City of Marion"",""job_sequence"":4,""lot_label"":""Lot 4"",""lot_number"":""4"",""postcode"":""5043"",""project_number"":1049,""project_type"":""residential"",""street"":""Tweed Ave"",""street_number"":""2-4"",""suburb"":""Marion""}"
239,1805,PWA,Retail,City of Marion,5,Lot 5,5,,,5043,1049,residential,,,,Tweed Ave,,2-4,Marion,,"{""agreement"":""PWA"",""client_type"":""Retail"",""council"":""City of Marion"",""job_sequence"":5,""lot_label"":""Lot 5"",""lot_number"":""5"",""postcode"":""5043"",""project_number"":1049,""project_type"":""residential"",""street"":""Tweed Ave"",""street_number"":""2-4"",""suburb"":""Marion""}"
240,1825,PWA,Retail,City of Onkaparinga,1,Lot 1,1,,,5164,1050,residential,,,,Alexander Cres,,40,Christie Downs,,"{""agreement"":""PWA"",""client_type"":""Retail"",""council"":""City of Onkaparinga"",""job_sequence"":1,""lot_label"":""Lot 1"",""lot_number"":""1"",""postcode"":""5164"",""project_number"":1050,""project_type"":""residential"",""street"":""Alexander Cres"",""street_number"":""40"",""suburb"":""Christie Downs""}"
241,1826,PWA,Retail,City of Onkaparinga,2,Lot 2,2,,,5164,1050,residential,,,,Alexander Cres,,40,Christie Downs,,"{""agreement"":""PWA"",""client_type"":""Retail"",""council"":""City of Onkaparinga"",""job_sequence"":2,""lot_label"":""Lot 2"",""lot_number"":""2"",""postcode"":""5164"",""project_number"":1050,""project_type"":""residential"",""street"":""Alexander Cres"",""street_number"":""40"",""suburb"":""Christie Downs""}"
242,1827,PWA,Retail,City of Onkaparinga,3,Lot 3,3,,,5164,1050,residential,,,,Alexander Cres,,40,Christie Downs,,"{""agreement"":""PWA"",""client_type"":""Retail"",""council"":""City of Onkaparinga"",""job_sequence"":3,""lot_label"":""Lot 3"",""lot_number"":""3"",""postcode"":""5164"",""project_number"":1050,""project_type"":""residential"",""street"":""Alexander Cres"",""street_number"":""40"",""suburb"":""Christie Downs""}"
243,1828,PWA,Developer,City of Marion,1,,,,,5043,1051,residential,,,,Grafton / 42 Austral Avenue,,9,Morphettville,,"{""agreement"":""PWA"",""client_type"":""Developer"",""council"":""City of Marion"",""job_sequence"":1,""postcode"":""5043"",""project_number"":1051,""project_type"":""residential"",""street"":""Grafton / 42 Austral Avenue"",""street_number"":""9"",""suburb"":""Morphettville""}"
244,1829,PWA,Developer,City of Marion,2,,,,,5043,1051,residential,,,,Grafton / 42 Austral Avenue,,9,Morphettville,,"{""agreement"":""PWA"",""client_type"":""Developer"",""council"":""City of Marion"",""job_sequence"":2,""postcode"":""5043"",""project_number"":1051,""project_type"":""residential"",""street"":""Grafton / 42 Austral Avenue"",""street_number"":""9"",""suburb"":""Morphettville""}"
245,1830,PWA,Developer,City of Marion,3,,,,,5043,1051,residential,,,,Grafton / 42 Austral Avenue,,9,Morphettville,,"{""agreement"":""PWA"",""client_type"":""Developer"",""council"":""City of Marion"",""job_sequence"":3,""postcode"":""5043"",""project_number"":1051,""project_type"":""residential"",""street"":""Grafton / 42 Austral Avenue"",""street_number"":""9"",""suburb"":""Morphettville""}"
246,1831,PWA,Developer,City of Marion,4,,,,,5043,1051,residential,,,,Grafton / 42 Austral Avenue,,9,Morphettville,,"{""agreement"":""PWA"",""client_type"":""Developer"",""council"":""City of Marion"",""job_sequence"":4,""postcode"":""5043"",""project_number"":1051,""project_type"":""residential"",""street"":""Grafton / 42 Austral Avenue"",""street_number"":""9"",""suburb"":""Morphettville""}"
247,1832,PWA,Developer,City of Marion,5,,,,,5043,1051,residential,,,,Grafton / 42 Austral Avenue,,9,Morphettville,,"{""agreement"":""PWA"",""client_type"":""Developer"",""council"":""City of Marion"",""job_sequence"":5,""postcode"":""5043"",""project_number"":1051,""project_type"":""residential"",""street"":""Grafton / 42 Austral Avenue"",""street_number"":""9"",""suburb"":""Morphettville""}"
248,1833,PWA,Developer,City of Marion,6,,,,,5043,1051,residential,,,,Grafton / 42 Austral Avenue,,9,Morphettville,,"{""agreement"":""PWA"",""client_type"":""Developer"",""council"":""City of Marion"",""job_sequence"":6,""postcode"":""5043"",""project_number"":1051,""project_type"":""residential"",""street"":""Grafton / 42 Austral Avenue"",""street_number"":""9"",""suburb"":""Morphettville""}"
249,1837,PWA,Retail,City of Marion,1,,,,,5043,1052,residential,{'suburb': 'Mitchel Park'},,,Raggatt Cres,,20,Mitchell Park,,"{""agreement"":""PWA"",""client_type"":""Retail"",""council"":""City of Marion"",""job_sequence"":1,""postcode"":""5043"",""project_number"":1052,""project_type"":""residential"",""respelled"":{""suburb"":""Mitchel Park""},""street"":""Raggatt Cres"",""street_number"":""20"",""suburb"":""Mitchell Park""}"
250,1838,PWA,Retail,City of Marion,2,,,,,5043,1052,residential,{'suburb': 'Mitchel Park'},,,Raggatt Cres,,20,Mitchell Park,,"{""agreement"":""PWA"",""client_type"":""Retail"",""council"":""City of Marion"",""job_sequence"":2,""postcode"":""5043"",""project_number"":1052,""project_type"":""residential"",""respelled"":{""suburb"":""Mitchel Park""},""street"":""Raggatt Cres"",""street_number"":""20"",""suburb"":""Mitchell Park""}"
251,1839,PWA,Retail,City of Marion,3,,,,,5043,1052,residential,{'suburb': 'Mitchel Park'},,,Raggatt Cres,,20,Mitchell Park,,"{""agreement"":""PWA"",""client_type"":""Retail"",""council"":""City of Marion"",""job_sequence"":3,""postcode"":""5043"",""project_number"":1052,""project_type"":""residential"",""respelled"":{""suburb"":""Mitchel Park""},""street"":""Raggatt Cres"",""street_number"":""20"",""suburb"":""Mitchell Park""}"
252,1840,PWA,Retail,City of Playford,1,,,,,5115,1053,residential,,,,Maltarra Rd,,41,Munno Para,,"{""agreement"":""PWA"",""client_type"":""Retail"",""council"":""City of Playford"",""job_sequence"":1,""postcode"":""5115"",""project_number"":1053,""project_type"":""residential"",""street"":""Maltarra Rd"",""street_number"":""41"",""suburb"":""Munno Para""}"
253,1841,PWA,Retail,City of Playford,2,,,,,5115,1053,residential,,,,Maltarra Rd,,41,Munno Para,,"{""agreement"":""PWA"",""client_type"":""Retail"",""council"":""City of Playford"",""job_sequence"":2,""postcode"":""5115"",""project_number"":1053,""project_type"":""residential"",""street"":""Maltarra Rd"",""street_number"":""41"",""suburb"":""Munno Para""}"
254,1842,PWA,Retail,City of Playford,3,,,,,5115,1053,residential,,,,Maltarra Rd,,41,Munno Para,,"{""agreement"":""PWA"",""client_type"":""Retail"",""council"":""City of Playford"",""job_sequence"":3,""postcode"":""5115"",""project_number"":1053,""project_type"":""residential"",""street"":""Maltarra Rd"",""street_number"":""41"",""suburb"":""Munno Para""}"
255,1846,PWA,Developer,City of Onkaparinga,1,Lot 1,1,,,5161,1054,residential,{'suburb': '(AKA 21 Jessamine ave) Reynella'},,,Kareela Rd,,8,Reynella,,"{""agreement"":""PWA"",""client_type"":""Developer"",""council"":""City of Onkaparinga"",""job_sequence"":1,""lot_label"":""Lot 1"",""lot_number"":""1"",""postcode"":""5161"",""project_number"":1054,""project_type"":""residential"",""respelled"":{""suburb"":""(AKA 21 Jessamine ave) Reynella""},""street"":""Kareela Rd"",""street_number"":""8"",""suburb"":""Reynella""}"
256,1847,PWA,Developer,City of Onkaparinga,2,Lot 2,2,,,5161,1054,residential,{'suburb': '(AKA 21 Jessamine ave) Reynella'},,,Kareela Rd,,8,Reynella,,"{""agreement"":""PWA"",""client_type"":""Developer"",""council"":""City of Onkaparinga"",""job_sequence"":2,""lot_label"":""Lot 2"",""lot_number"":""2"",""postcode"":""5161"",""project_number"":1054,""project_type"":""residential"",""respelled"":{""suburb"":""(AKA 21 Jessamine ave) Reynella""},""street"":""Kareela Rd"",""street_number"":""8"",""suburb"":""Reynella""}"
257,1848,PWA,Developer,City of Onkaparinga,3,Lot 3,3,,,5161,1054,residential,{'suburb': '(AKA 21 Jessamine ave) Reynella'},,,Kareela Rd,,8,Reynella,,"{""agreement"":""PWA"",""client_type"":""Developer"",""council"":""City of Onkaparinga"",""job_sequence"":3,""lot_label"":""Lot 3"",""lot_number"":""3"",""postcode"":""5161"",""project_number"":1054,""project_type"":""residential"",""respelled"":{""suburb"":""(AKA 21 Jessamine ave) Reynella""},""street"":""Kareela Rd"",""street_number"":""8"",""suburb"":""Reynella""}"
258,1849,PWA,Developer,City of Onkaparinga,4,Lot 4,4,,,5161,1054,residential,{'suburb': '(AKA 21 Jessamine ave) Reynella'},,,Kareela Rd,,8,Reynella,,"{""agreement"":""PWA"",""client_type"":""Developer"",""council"":""City of Onkaparinga"",""job_sequence"":4,""lot_label"":""Lot 4"",""lot_number"":""4"",""postcode"":""5161"",""project_number"":1054,""project_type"":""residential"",""respelled"":{""suburb"":""(AKA 21 Jessamine ave) Reynella""},""street"":""Kareela Rd"",""street_number"":""8"",""suburb"":""Reynella""}"
259,1850,PWA,Developer,City of Onkaparinga,5,Lot 5,5,,,5161,1054,residential,{'suburb': '(AKA 21 Jessamine ave) Reynella'},,,Kareela Rd,,8,Reynella,,"{""agreement"":""PWA"",""client_type"":""Developer"",""council"":""City of Onkaparinga"",""job_sequence"":5,""lot_label"":""Lot 5"",""lot_number"":""5"",""postcode"":""5161"",""project_number"":1054,""project_type"":""residential"",""respelled"":{""suburb"":""(AKA 21 Jessamine ave) Reynella""},""street"":""Kareela Rd"",""street_number"":""8"",""suburb"":""Reynella""}"
260,1851,PWA,Developer,City of West Torrens,1,Res 1,,,,5032,1055,residential,,,,Clifford St,Res 1,49,Brooklyn Park,,"{""agreement"":""PWA"",""client_type"":""Developer"",""council"":""City of West Torrens"",""job_sequence"":1,""lot_label"":""Res 1"",""postcode"":""5032"",""project_number"":1055,""project_type"":""residential"",""street"":""Clifford St"",""street_2"":""Res 1"",""street_number"":""49"",""suburb"":""Brooklyn Park""}"
261,1852,PWA,Developer,City of West Torrens,2,Res 2,,,,5032,1055,residential,,,,Clifford St,Res 2,49,Brooklyn Park,,"{""agreement"":""PWA"",""client_type"":""Developer"",""council"":""City of West Torrens"",""job_sequence"":2,""lot_label"":""Res 2"",""postcode"":""5032"",""project_number"":1055,""project_type"":""residential"",""street"":""Clifford St"",""street_2"":""Res 2"",""street_number"":""49"",""suburb"":""Brooklyn Park""}"
262,1853,PWA,Developer,City of West Torrens,3,Res 3,,,,5032,1055,residential,,,,Clifford St,Res 3,49,Brooklyn Park,,"{""agreement"":""PWA"",""client_type"":""Developer"",""council"":""City of West Torrens"",""job_sequence"":3,""lot_label"":""Res 3"",""postcode"":""5032"",""project_number"":1055,""project_type"":""residential"",""street"":""Clifford St"",""street_2"":""Res 3"",""street_number"":""49"",""suburb"":""Brooklyn Park""}"
263,1854,PWA,Developer,City of Onkaparinga,1,Res 1,,,,5173,1056,residential,,,,Stewart Avenue,Res 1,12,Aldinga Beach,,"{""agreement"":""PWA"",""client_type"":""Developer"",""council"":""City of Onkaparinga"",""job_sequence"":1,""lot_label"":""Res 1"",""postcode"":""5173"",""project_number"":1056,""project_type"":""residential"",""street"":""Stewart Avenue"",""street_2"":""Res 1"",""street_number"":""12"",""suburb"":""Aldinga Beach""}"
264,1855,PWA,Developer,City of Onkaparinga,2,Res 2,,,,5173,1056,residential,,,,Stewart Avenue,Res 2,12,Aldinga Beach,,"{""agreement"":""PWA"",""client_type"":""Developer"",""council"":""City of Onkaparinga"",""job_sequence"":2,""lot_label"":""Res 2"",""postcode"":""5173"",""project_number"":1056,""project_type"":""residential"",""street"":""Stewart Avenue"",""street_2"":""Res 2"",""street_number"":""12"",""suburb"":""Aldinga Beach""}"
265,1856,PWA,Developer,City of Onkaparinga,3,Res 3,,,,5173,1056,residential,,,,Stewart Avenue,Res 3,12,Aldinga Beach,,"{""agreement"":""PWA"",""client_type"":""Developer"",""council"":""City of Onkaparinga"",""job_sequence"":3,""lot_label"":""Res 3"",""postcode"":""5173"",""project_number"":1056,""project_type"":""residential"",""street"":""Stewart Avenue"",""street_2"":""Res 3"",""street_number"":""12"",""suburb"":""Aldinga Beach""}"
266,1857,PWA,Developer,City of Onkaparinga,4,Res 4,,,,5173,1056,residential,,,,Stewart Avenue,Res 4,12,Aldinga Beach,,"{""agreement"":""PWA"",""client_type"":""Developer"",""council"":""City of Onkaparinga"",""job_sequence"":4,""lot_label"":""Res 4"",""postcode"":""5173"",""project_number"":1056,""project_type"":""residential"",""street"":""Stewart Avenue"",""street_2"":""Res 4"",""street_number"":""12"",""suburb"":""Aldinga Beach""}"
267,1858,PWA,Developer,City of Onkaparinga,5,Res 5,,,,5173,1056,residential,,,,Stewart Avenue,Res 5,12,Aldinga Beach,,"{""agreement"":""PWA"",""client_type"":""Developer"",""council"":""City of Onkaparinga"",""job_sequence"":5,""lot_label"":""Res 5"",""postcode"":""5173"",""project_number"":1056,""project_type"":""residential"",""street"":""Stewart Avenue"",""street_2"":""Res 5"",""street_number"":""12"",""suburb"":""Aldinga Beach""}"
268,1859,PWA,Retail,City of Playford,1,Res 1,,,,5112,1057,residential,,,,Ridley Rd,Res 1,174,Elizabeth Grove,,"{""agreement"":""PWA"",""client_type"":""Retail"",""council"":""City of Playford"",""job_sequence"":1,""lot_label"":""Res 1"",""postcode"":""5112"",""project_number"":1057,""project_type"":""residential"",""street"":""Ridley Rd"",""street_2"":""Res 1"",""street_number"":""174"",""suburb"":""Elizabeth Grove""}"
269,1860,PWA,Retail,City of Playford,2,Res 2,,,,5112,1057,residential,,,,Ridley Rd,Res 2,174,Elizabeth Grove,,"{""agreement"":""PWA"",""client_type"":""Retail"",""council"":""City of Playford"",""job_sequence"":2,""lot_label"":""Res 2"",""postcode"":""5112"",""project_number"":1057,""project_type"":""residential"",""street"":""Ridley Rd"",""street_2"":""Res 2"",""street_number"":""174"",""suburb"":""Elizabeth Grove""}"
270,1861,PWA,Retail,City of Playford,3,Res 3,,,,5112,1057,residential,,,,Ridley Rd,Res 3,174,Elizabeth Grove,,"{""agreement"":""PWA"",""client_type"":""Retail"",""council"":""City of Playford"",""job_sequence"":3,""lot_label"":""Res 3"",""postcode"":""5112"",""project_number"":1057,""project_type"":""residential"",""street"":""Ridley Rd"",""street_2"":""Res 3"",""street_number"":""174"",""suburb"":""Elizabeth Grove""}"
271,1862,PWA,Retail,City of Playford,4,Res 4,,,,5112,1057,residential,,,,Ridley Rd,Res 4,174,Elizabeth Grove,,"{""agreement"":""PWA"",""client_type"":""Retail"",""council"":""City of Playford"",""job_sequence"":4,""lot_label"":""Res 4"",""postcode"":""5112"",""project_number"":1057,""project_type"":""residential"",""street"":""Ridley Rd"",""street_2"":""Res 4"",""street_number"":""174"",""suburb"":""Elizabeth Grove""}"
272,1863,PWA,Developer,City of Marion,1,Res 1,,,,5039,1058,residential,,,,Woodlands Terrace,Res 1,63,Edwardstown,,"{""agreement"":""PWA"",""client_type"":""Developer"",""council"":""City of Marion"",""job_sequence"":1,""lot_label"":""Res 1"",""postcode"":""5039"",""project_number"":1058,""project_type"":""residential"",""street"":""Woodlands Terrace"",""street_2"":""Res 1"",""street_number"":""63"",""suburb"":""Edwardstown""}"
273,1864,PWA,Developer,City of Marion,2,Res 2,,,,5039,1058,residential,,,,Woodlands Terrace,Res 2,63,Edwardstown,,"{""agreement"":""PWA"",""client_type"":""Developer"",""council"":""City of Marion"",""job_sequence"":2,""lot_label"":""Res 2"",""postcode"":""5039"",""project_number"":1058,""project_type"":""residential"",""street"":""Woodlands Terrace"",""street_2"":""Res 2"",""street_number"":""63"",""suburb"":""Edwardstown""}"
274,1865,PWA,Developer,City of Marion,3,Res 3,,,,5039,1058,residential,,,,Woodlands Terrace,Res 3,63,Edwardstown,,"{""agreement"":""PWA"",""client_type"":""Developer"",""council"":""City of Marion"",""job_sequence"":3,""lot_label"":""Res 3"",""postcode"":""5039"",""project_number"":1058,""project_type"":""residential"",""street"":""Woodlands Terrace"",""street_2"":""Res 3"",""street_number"":""63"",""suburb"":""Edwardstown""}"
275,1866,PWA,Developer,City of Onkaparinga,1,Res 1,,,,5162,1059,residential,,,,Opal Road,Res 1,13,Morphett Vale,,"{""agreement"":""PWA"",""client_type"":""Developer"",""council"":""City of Onkaparinga"",""job_sequence"":1,""lot_label"":""Res 1"",""postcode"":""5162"",""project_number"":1059,""project_type"":""residential"",""street"":""Opal Road"",""street_2"":""Res 1"",""street_number"":""13"",""suburb"":""Morphett Vale""}"
276,1867,PWA,Developer,City of Onkaparinga,2,Res 2,,,,5162,1059,residential,,,,Opal Road,Res 2,13,Morphett Vale,,"{""agreement"":""PWA"",""client_type"":""Developer"",""council"":""City of Onkaparinga"",""job_sequence"":2,""lot_label"":""Res 2"",""postcode"":""5162"",""project_number"":1059,""project_type"":""residential"",""street"":""Opal Road"",""street_2"":""Res 2"",""street_number"":""13"",""suburb"":""Morphett Vale""}"
277,1868,PWA,Developer,City of Onkaparinga,3,Res 3,,,,5162,1059,residential,,,,Opal Road,Res 3,13,Morphett Vale,,"{""agreement"":""PWA"",""client_type"":""Developer"",""council"":""City of Onkaparinga"",""job_sequence"":3,""lot_label"":""Res 3"",""postcode"":""5162"",""project_number"":1059,""project_type"":""residential"",""street"":""Opal Road"",""street_2"":""Res 3"",""street_number"":""13"",""suburb"":""Morphett Vale""}"
278,1869,PWA,Retail,City of Burnside,1,Res 1,,,,5064,1060,residential,,,,Portrush Road,Res 1,567,Glenunga,,"{""agreement"":""PWA"",""client_type"":""Retail"",""council"":""City of Burnside"",""job_sequence"":1,""lot_label"":""Res 1"",""postcode"":""5064"",""project_number"":1060,""project_type"":""residential"",""street"":""Portrush Road"",""street_2"":""Res 1"",""street_number"":""567"",""suburb"":""Glenunga""}"
279,1870,PWA,Retail,City of Burnside,2,Res 2,,,,5064,1060,residential,,,,Portrush Road,Res 2,567,Glenunga,,"{""agreement"":""PWA"",""client_type"":""Retail"",""council"":""City of Burnside"",""job_sequence"":2,""lot_label"":""Res 2"",""postcode"":""5064"",""project_number"":1060,""project_type"":""residential"",""street"":""Portrush Road"",""street_2"":""Res 2"",""street_number"":""567"",""suburb"":""Glenunga""}"
280,1871,PWA,Retail,City of Burnside,3,Res 3,,,,5064,1060,residential,,,,Portrush Road,Res 3,567,Glenunga,,"{""agreement"":""PWA"",""client_type"":""Retail"",""council"":""City of Burnside"",""job_sequence"":3,""lot_label"":""Res 3"",""postcode"":""5064"",""project_number"":1060,""project_type"":""residential"",""street"":""Portrush Road"",""street_2"":""Res 3"",""street_number"":""567"",""suburb"":""Glenunga""}"
281,1872,PWA,Retail,City of Burnside,4,Res 4,,,,5064,1060,residential,,,,Portrush Road,Res 4,567,Glenunga,,"{""agreement"":""PWA"",""client_type"":""Retail"",""council"":""City of Burnside"",""job_sequence"":4,""lot_label"":""Res 4"",""postcode"":""5064"",""project_number"":1060,""project_type"":""residential"",""street"":""Portrush Road"",""street_2"":""Res 4"",""street_number"":""567"",""suburb"":""Glenunga""}"
282,1873,PWA,Developer,City of Onkaparinga,1,Res 1,,,,5168,1061,residential,,,,Liguria Cres,Res 1,113,Noarlunga Downs,,"{""agreement"":""PWA"",""client_type"":""Developer"",""council"":""City of Onkaparinga"",""job_sequence"":1,""lot_label"":""Res 1"",""postcode"":""5168"",""project_number"":1061,""project_type"":""residential"",""street"":""Liguria Cres"",""street_2"":""Res 1"",""street_number"":""113"",""suburb"":""Noarlunga Downs""}"
283,1874,PWA,Developer,City of Onkaparinga,2,Res 2,,,,5168,1061,residential,,,,Liguria Cres,Res 2,113,Noarlunga Downs,,"{""agreement"":""PWA"",""client_type"":""Developer"",""council"":""City of Onkaparinga"",""job_sequence"":2,""lot_label"":""Res 2"",""postcode"":""5168"",""project_number"":1061,""project_type"":""residential"",""street"":""Liguria Cres"",""street_2"":""Res 2"",""street_number"":""113"",""suburb"":""Noarlunga Downs""}"
284,1875,PWA,Developer,City of Onkaparinga,3,Res 3,,,,5168,1061,residential,,,,Liguria Cres,Res 3,113,Noarlunga Downs,,"{""agreement"":""PWA"",""client_type"":""Developer"",""council"":""City of Onkaparinga"",""job_sequence"":3,""lot_label"":""Res 3"",""postcode"":""5168"",""project_number"":1061,""project_type"":""residential"",""street"":""Liguria Cres"",""street_2"":""Res 3"",""street_number"":""113"",""suburb"":""Noarlunga Downs""}"
285,1876,PWA,Developer,City of Onkaparinga,4,Res 4,,,,5168,1061,residential,,,,Liguria Cres,Res 4,113,Noarlunga Downs,,"{""agreement"":""PWA"",""client_type"":""Developer"",""council"":""City of Onkaparinga"",""job_sequence"":4,""lot_label"":""Res 4"",""postcode"":""5168"",""project_number"":1061,""project_type"":""residential"",""street"":""Liguria Cres"",""street_2"":""Res 4"",""street_number"":""113"",""suburb"":""Noarlunga Downs""}"
286,1877,PWA,Developer,City of Onkaparinga,5,Res 5,,,,5168,1061,residential,,,,Liguria Cres,Res 5,113,Noarlunga Downs,,"{""agreement"":""PWA"",""client_type"":""Developer"",""council"":""City of Onkaparinga"",""job_sequence"":5,""lot_label"":""Res 5"",""postcode"":""5168"",""project_number"":1061,""project_type"":""residential"",""street"":""Liguria Cres"",""street_2"":""Res 5"",""street_number"":""113"",""suburb"":""Noarlunga Downs""}"
287,1878,PWA,Developer,City of Onkaparinga,6,Res 6,,,,5168,1061,residential,,,,Liguria Cres,Res 6,113,Noarlunga Downs,,"{""agreement"":""PWA"",""client_type"":""Developer"",""council"":""City of Onkaparinga"",""job_sequence"":6,""lot_label"":""Res 6"",""postcode"":""5168"",""project_number"":1061,""project_type"":""residential"",""street"":""Liguria Cres"",""street_2"":""Res 6"",""street_number"":""113"",""suburb"":""Noarlunga Downs""}"
288,1879,PWA,Developer,City of Onkaparinga,7,Res 7,,,,5168,1061,residential,,,,Liguria Cres,Res 7,113,Noarlunga Downs,,"{""agreement"":""PWA"",""client_type"":""Developer"",""council"":""City of Onkaparinga"",""job_sequence"":7,""lot_label"":""Res 7"",""postcode"":""5168"",""project_number"":1061,""project_type"":""residential"",""street"":""Liguria Cres"",""street_2"":""Res 7"",""street_number"":""113"",""suburb"":""Noarlunga Downs""}"
289,1880,PWA,Developer,City of Onkaparinga,8,Res 8,,,,5168,1061,residential,,,,Liguria Cres,Res 8,113,Noarlunga Downs,,"{""agreement"":""PWA"",""client_type"":""Developer"",""council"":""City of Onkaparinga"",""job_sequence"":8,""lot_label"":""Res 8"",""postcode"":""5168"",""project_number"":1061,""project_type"":""residential"",""street"":""Liguria Cres"",""street_2"":""Res 8"",""street_number"":""113"",""suburb"":""Noarlunga Downs""}"
290,1881,PWA,Developer,City of Onkaparinga,9,Res 9,,,,5168,1061,residential,,,,Liguria Cres,Res 9,113,Noarlunga Downs,,"{""agreement"":""PWA"",""client_type"":""Developer"",""council"":""City of Onkaparinga"",""job_sequence"":9,""lot_label"":""Res 9"",""postcode"":""5168"",""project_number"":1061,""project_type"":""residential"",""street"":""Liguria Cres"",""street_2"":""Res 9"",""street_number"":""113"",""suburb"":""Noarlunga Downs""}"
291,1882,PWA,Developer,City of Onkaparinga,10,Res 10,,,,5168,1061,residential,,,,Liguria Cres,Res 10,113,Noarlunga Downs,,"{""agreement"":""PWA"",""client_type"":""Developer"",""council"":""City of Onkaparinga"",""job_sequence"":10,""lot_label"":""Res 10"",""postcode"":""5168"",""project_number"":1061,""project_type"":""residential"",""street"":""Liguria Cres"",""street_2"":""Res 10"",""street_number"":""113"",""suburb"":""Noarlunga Downs""}"
292,1883,PWA,Developer,City of Onkaparinga,11,Res 11,,,,5168,1061,residential,,,,Liguria Cres,Res 11,113,Noarlunga Downs,,"{""agreement"":""PWA"",""client_type"":""Developer"",""council"":""City of Onkaparinga"",""job_sequence"":11,""lot_label"":""Res 11"",""postcode"":""5168"",""project_number"":1061,""project_type"":""residential"",""street"":""Liguria Cres"",""street_2"":""Res 11"",""street_number"":""113"",""suburb"":""Noarlunga Downs""}"
293,1884,PWA,Developer,City of Onkaparinga,12,Res 12,,,,5168,1061,residential,,,,Liguria Cres,Res 12,113,Noarlunga Downs,,"{""agreement"":""PWA"",""client_type"":""Developer"",""council"":""City of Onkaparinga"",""job_sequence"":12,""lot_label"":""Res 12"",""postcode"":""5168"",""project_number"":1061,""project_type"":""residential"",""street"":""Liguria Cres"",""street_2"":""Res 12"",""street_number"":""113"",""suburb"":""Noarlunga Downs""}"
294,1885,PWA,Developer,City of Onkaparinga,13,Res 13,,,,5168,1061,residential,,,,Liguria Cres,Res 13,113,Noarlunga Downs,,"{""agreement"":""PWA"",""client_type"":""Developer"",""council"":""City of Onkaparinga"",""job_sequence"":13,""lot_label"":""Res 13"",""postcode"":""5168"",""project_number"":1061,""project_type"":""residential"",""street"":""Liguria Cres"",""street_2"":""Res 13"",""street_number"":""113"",""suburb"":""Noarlunga Downs""}"
295,1886,PWA,Developer,City of Onkaparinga,14,Res 14,,,,5168,1061,residential,,,,Liguria Cres,Res 14,113,Noarlunga Downs,,"{""agreement"":""PWA"",""client_type"":""Developer"",""council"":""City of Onkaparinga"",""job_sequence"":14,""lot_label"":""Res 14"",""postcode"":""5168"",""project_number"":1061,""project_type"":""residential"",""street"":""Liguria Cres"",""street_2"":""Res 14"",""street_number"":""113"",""suburb"":""Noarlunga Downs""}"
296,1887,PWA,Developer,City of Onkaparinga,15,Res 15,,,,5168,1061,residential,,,,Liguria Cres,Res 15,113,Noarlunga Downs,,"{""agreement"":""PWA"",""client_type"":""Developer"",""council"":""City of Onkaparinga"",""job_sequence"":15,""lot_label"":""Res 15"",""postcode"":""5168"",""project_number"":1061,""project_type"":""residential"",""street"":""Liguria Cres"",""street_2"":""Res 15"",""street_number"":""113"",""suburb"":""Noarlunga Downs""}"
297,1888,PWA,Developer,City of Onkaparinga,16,Res 16,,,,5168,1061,residential,,,,Liguria Cres,Res 16,113,Noarlunga Downs,,"{""agreement"":""PWA"",""client_type"":""Developer"",""council"":""City of Onkaparinga"",""job_sequence"":16,""lot_label"":""Res 16"",""postcode"":""5168"",""project_number"":1061,""project_type"":""residential"",""street"":""Liguria Cres"",""street_2"":""Res 16"",""street_number"":""113"",""suburb"":""Noarlunga Downs""}"
298,1889,PWA,Developer,City of Onkaparinga,17,Res 17,,,,5168,1061,residential,,,,Liguria Cres,Res 17,113,Noarlunga Downs,,"{""agreement"":""PWA"",""client_type"":""Developer"",""council"":""City of Onkaparinga"",""job_sequence"":17,""lot_label"":""Res 17"",""postcode"":""5168"",""project_number"":1061,""project_type"":""residential"",""street"":""Liguria Cres"",""street_2"":""Res 17"",""street_number"":""113"",""suburb"":""Noarlunga Downs""}"
299,1890,PWA,Developer,City of Onkaparinga,18,Res 18,,,,5168,1061,residential,,,,Liguria Cres,Res 18,113,Noarlunga Downs,,"{""agreement"":""PWA"",""client_type"":""Developer"",""council"":""City of Onkaparinga"",""job_sequence"":18,""lot_label"":""Res 18"",""postcode"":""5168"",""project_number"":1061,""project_type"":""residential"",""street"":""Liguria Cres"",""street_2"":""Res 18"",""street_number"":""113"",""suburb"":""Noarlunga Downs""}"
300,1891,PWA,Developer,City of Onkaparinga,19,Res 19,,,,5168,1061,residential,,,,Liguria Cres,Res 19,113,Noarlunga Downs,,"{""agreement"":""PWA"",""client_type"":""Developer"",""council"":""City of Onkaparinga"",""job_sequence"":19,""lot_label"":""Res 19"",""postcode"":""5168"",""project_number"":1061,""project_type"":""residential"",""street"":""Liguria Cres"",""street_2"":""Res 19"",""street_number"":""113"",""suburb"":""Noarlunga Downs""}"
301,1892,PWA,Developer,City of Onkaparinga,20,Res 20,,,,5168,1061,residential,,,,Liguria Cres,Res 20,113,Noarlunga Downs,,"{""agreement"":""PWA"",""client_type"":""Developer"",""council"":""City of Onkaparinga"",""job_sequence"":20,""lot_label"":""Res 20"",""postcode"":""5168"",""project_number"":1061,""project_type"":""residential"",""street"":""Liguria Cres"",""street_2"":""Res 20"",""street_number"":""113"",""suburb"":""Noarlunga Downs""}"
302,1893,PWA,Developer,City of Onkaparinga,21,Res 21,,,,5168,1061,residential,,,,Liguria Cres,Res 21,113,Noarlunga Downs,,"{""agreement"":""PWA"",""client_type"":""Developer"",""council"":""City of Onkaparinga"",""job_sequence"":21,""lot_label"":""Res 21"",""postcode"":""5168"",""project_number"":1061,""project_type"":""residential"",""street"":""Liguria Cres"",""street_2"":""Res 21"",""street_number"":""113"",""suburb"":""Noarlunga Downs""}"
303,1894,PWA,Developer,City of Onkaparinga,22,Res 22,,,,5168,1061,residential,,,,Liguria Cres,Res 22,113,Noarlunga Downs,,"{""agreement"":""PWA"",""client_type"":""Developer"",""council"":""City of Onkaparinga"",""job_sequence"":22,""lot_label"":""Res 22"",""postcode"":""5168"",""project_number"":1061,""project_type"":""residential"",""street"":""Liguria Cres"",""street_2"":""Res 22"",""street_number"":""113"",""suburb"":""Noarlunga Downs""}"
304,1895,PWA,Developer,City of Onkaparinga,23,Res 23,,,,5168,1061,residential,,,,Liguria Cres,Res 23,113,Noarlunga Downs,,"{""agreement"":""PWA"",""client_type"":""Developer"",""council"":""City of Onkaparinga"",""job_sequence"":23,""lot_label"":""Res 23"",""postcode"":""5168"",""project_number"":1061,""project_type"":""residential"",""street"":""Liguria Cres"",""street_2"":""Res 23"",""street_number"":""113"",""suburb"":""Noarlunga Downs""}"
305,1896,PWA,Developer,City of Onkaparinga,24,Res 24,,,,5168,1061,residential,,,,Liguria Cres,Res 24,113,Noarlunga Downs,,"{""agreement"":""PWA"",""client_type"":""Developer"",""council"":""City of Onkaparinga"",""job_sequence"":24,""lot_label"":""Res 24"",""postcode"":""5168"",""project_number"":1061,""project_type"":""residential"",""street"":""Liguria Cres"",""street_2"":""Res 24"",""street_number"":""113"",""suburb"":""Noarlunga Downs""}"
306,1897,PWA,Developer,City of Onkaparinga,25,Res 25,,,,5168,1061,residential,,,,Liguria Cres,Res 25,113,Noarlunga Downs,,"{""agreement"":""PWA"",""client_type"":""Developer"",""council"":""City of Onkaparinga"",""job_sequence"":25,""lot_label"":""Res 25"",""postcode"":""5168"",""project_number"":1061,""project_type"":""residential"",""street"":""Liguria Cres"",""street_2"":""Res 25"",""street_number"":""113"",""suburb"":""Noarlunga Downs""}"
307,1898,PWA,Developer,City of Onkaparinga,26,Res 26,,,,5168,1061,residential,,,,Liguria Cres,Res 26,113,Noarlunga Downs,,"{""agreement"":""PWA"",""client_type"":""Developer"",""council"":""City of Onkaparinga"",""job_sequence"":26,""lot_label"":""Res 26"",""postcode"":""5168"",""project_number"":1061,""project_type"":""residential"",""street"":""Liguria Cres"",""street_2"":""Res 26"",""street_number"":""113"",""suburb"":""Noarlunga Downs""}"
308,1899,PWA,Developer,City of Onkaparinga,27,Res 27,,,,5168,1061,residential,,,,Liguria Cres,Res 27,113,Noarlunga Downs,,"{""agreement"":""PWA"",""client_type"":""Developer"",""council"":""City of Onkaparinga"",""job_sequence"":27,""lot_label"":""Res 27"",""postcode"":""5168"",""project_number"":1061,""project_type"":""residential"",""street"":""Liguria Cres"",""street_2"":""Res 27"",""street_number"":""113"",""suburb"":""Noarlunga Downs""}"
309,1900,PWA,Developer,City of Onkaparinga,28,Res 28,,,,5168,1061,residential,,,,Liguria Cres,Res 28,113,Noarlunga Downs,,"{""agreement"":""PWA"",""client_type"":""Developer"",""council"":""City of Onkaparinga"",""job_sequence"":28,""lot_label"":""Res 28"",""postcode"":""5168"",""project_number"":1061,""project_type"":""residential"",""street"":""Liguria Cres"",""street_2"":""Res 28"",""street_number"":""113"",""suburb"":""Noarlunga Downs""}"
310,1901,PWA,Developer,City of Onkaparinga,29,Res 29,,,,5168,1061,residential,,,,Liguria Cres,Res 29,113,Noarlunga Downs,,"{""agreement"":""PWA"",""client_type"":""Developer"",""council"":""City of Onkaparinga"",""job_sequence"":29,""lot_label"":""Res 29"",""postcode"":""5168"",""project_number"":1061,""project_type"":""residential"",""street"":""Liguria Cres"",""street_2"":""Res 29"",""street_number"":""113"",""suburb"":""Noarlunga Downs""}"
311,1902,PWA,Developer,City of Onkaparinga,30,Res 30,,,,5168,1061,residential,,,,Liguria Cres,Res 30,113,Noarlunga Downs,,"{""agreement"":""PWA"",""client_type"":""Developer"",""council"":""City of Onkaparinga"",""job_sequence"":30,""lot_label"":""Res 30"",""postcode"":""5168"",""project_number"":1061,""project_type"":""residential"",""street"":""Liguria Cres"",""street_2"":""Res 30"",""street_number"":""113"",""suburb"":""Noarlunga Downs""}"
312,1903,PWA,Developer,City of Onkaparinga,31,Res 31,,,,5168,1061,residential,,,,Liguria Cres,Res 31,113,Noarlunga Downs,,"{""agreement"":""PWA"",""client_type"":""Developer"",""council"":""City of Onkaparinga"",""job_sequence"":31,""lot_label"":""Res 31"",""postcode"":""5168"",""project_number"":1061,""project_type"":""residential"",""street"":""Liguria Cres"",""street_2"":""Res 31"",""street_number"":""113"",""suburb"":""Noarlunga Downs""}"
313,1904,PWA,Developer,City of Onkaparinga,32,Res 32,,,,5168,1061,residential,,,,Liguria Cres,Res 32,113,Noarlunga Downs,,"{""agreement"":""PWA"",""client_type"":""Developer"",""council"":""City of Onkaparinga"",""job_sequence"":32,""lot_label"":""Res 32"",""postcode"":""5168"",""project_number"":1061,""project_type"":""residential"",""street"":""Liguria Cres"",""street_2"":""Res 32"",""street_number"":""113"",""suburb"":""Noarlunga Downs""}"
314,1905,PWA,Developer,City of Onkaparinga,33,Res 33,,,,5168,1061,residential,,,,Liguria Cres,Res 33,113,Noarlunga Downs,,"{""agreement"":""PWA"",""client_type"":""Developer"",""council"":""City of Onkaparinga"",""job_sequence"":33,""lot_label"":""Res 33"",""postcode"":""5168"",""project_number"":1061,""project_type"":""residential"",""street"":""Liguria Cres"",""street_2"":""Res 33"",""street_number"":""113"",""suburb"":""Noarlunga Downs""}"
315,1906,PWA,Developer,City of Onkaparinga,34,Res 34,,,,5168,1061,residential,,,,Liguria Cres,Res 34,113,Noarlunga Downs,,"{""agreement"":""PWA"",""client_type"":""Developer"",""council"":""City of Onkaparinga"",""job_sequence"":34,""lot_label"":""Res 34"",""postcode"":""5168"",""project_number"":1061,""project_type"":""residential"",""street"":""Liguria Cres"",""street_2"":""Res 34"",""street_number"":""113"",""suburb"":""Noarlunga Downs""}"
316,1907,PWA,Developer,City of Onkaparinga,35,Res 35,,,,5168,1061,residential,,,,Liguria Cres,Res 35,113,Noarlunga Downs,,"{""agreement"":""PWA"",""client_type"":""Developer"",""council"":""City of Onkaparinga"",""job_sequence"":35,""lot_label"":""Res 35"",""postcode"":""5168"",""project_number"":1061,""project_type"":""residential"",""street"":""Liguria Cres"",""street_2"":""Res 35"",""street_number"":""113"",""suburb"":""Noarlunga Downs""}"
317,1908,PWA,Developer,City of Onkaparinga,36,Res 36,,,,5168,1061,residential,,,,Liguria Cres,Res 36,113,Noarlunga Downs,,"{""agreement"":""PWA"",""client_type"":""Developer"",""council"":""City of Onkaparinga"",""job_sequence"":36,""lot_label"":""Res 36"",""postcode"":""5168"",""project_number"":1061,""project_type"":""residential"",""street"":""Liguria Cres"",""street_2"":""Res 36"",""street_number"":""113"",""suburb"":""Noarlunga Downs""}"
318,1909,PWA,Developer,City of Onkaparinga,37,Res 37,,,,5168,1061,residential,,,,Liguria Cres,Res 37,113,Noarlunga Downs,,"{""agreement"":""PWA"",""client_type"":""Developer"",""council"":""City of Onkaparinga"",""job_sequence"":37,""lot_label"":""Res 37"",""postcode"":""5168"",""project_number"":1061,""project_type"":""residential"",""street"":""Liguria Cres"",""street_2"":""Res 37"",""street_number"":""113"",""suburb"":""Noarlunga Downs""}"
319,1929,PWA,Developer,City of West Torrens,1,,,,,5038,1062,residential,,,,Glengyle Tce,,125,Plympton,,"{""agreement"":""PWA"",""client_type"":""Developer"",""council"":""City of West Torrens"",""job_sequence"":1,""postcode"":""5038"",""project_number"":1062,""project_type"":""residential"",""street"":""Glengyle Tce"",""street_number"":""125"",""suburb"":""Plympton""}"
320,1920,PWA,Developer,City of West Torrens,2,,,,True,5038,1062,residential,,,,Glengyle Tce,,125,Plympton,,"{""agreement"":""PWA"",""client_type"":""Developer"",""council"":""City of West Torrens"",""job_sequence"":2,""old_number_shared"":true,""postcode"":""5038"",""project_number"":1062,""project_type"":""residential"",""street"":""Glengyle Tce"",""street_number"":""125"",""suburb"":""Plympton""}"
321,1931,PWA,Developer,City of West Torrens,3,,,,,5038,1062,residential,,,,Glengyle Tce,,125,Plympton,,"{""agreement"":""PWA"",""client_type"":""Developer"",""council"":""City of West Torrens"",""job_sequence"":3,""postcode"":""5038"",""project_number"":1062,""project_type"":""residential"",""street"":""Glengyle Tce"",""street_number"":""125"",""suburb"":""Plympton""}"
322,1912,PWA,Developer,Town of Walkerville,1,Res 1,,,,5081,1063,residential,,,,Hamilton St / 6 Illford St,Res 1,1,Vale Park,,"{""agreement"":""PWA"",""client_type"":""Developer"",""council"":""Town of Walkerville"",""job_sequence"":1,""lot_label"":""Res 1"",""postcode"":""5081"",""project_number"":1063,""project_type"":""residential"",""street"":""Hamilton St / 6 Illford St"",""street_2"":""Res 1"",""street_number"":""1"",""suburb"":""Vale Park""}"
323,1913,PWA,Developer,Town of Walkerville,2,Res 2,,,,5081,1063,residential,,,,Hamilton St / 6 Illford St,Res 2,1,Vale Park,,"{""agreement"":""PWA"",""client_type"":""Developer"",""council"":""Town of Walkerville"",""job_sequence"":2,""lot_label"":""Res 2"",""postcode"":""5081"",""project_number"":1063,""project_type"":""residential"",""street"":""Hamilton St / 6 Illford St"",""street_2"":""Res 2"",""street_number"":""1"",""suburb"":""Vale Park""}"
324,1914,PWA,Developer,Town of Walkerville,3,Res 3,,,,5081,1063,residential,,,,Hamilton St / 6 Illford St,Res 3,1,Vale Park,,"{""agreement"":""PWA"",""client_type"":""Developer"",""council"":""Town of Walkerville"",""job_sequence"":3,""lot_label"":""Res 3"",""postcode"":""5081"",""project_number"":1063,""project_type"":""residential"",""street"":""Hamilton St / 6 Illford St"",""street_2"":""Res 3"",""street_number"":""1"",""suburb"":""Vale Park""}"
325,1915,PWA,Developer,Town of Walkerville,4,Res 4,,,,5081,1063,residential,,,,Hamilton St / 6 Illford St,Res 4,1,Vale Park,,"{""agreement"":""PWA"",""client_type"":""Developer"",""council"":""Town of Walkerville"",""job_sequence"":4,""lot_label"":""Res 4"",""postcode"":""5081"",""project_number"":1063,""project_type"":""residential"",""street"":""Hamilton St / 6 Illford St"",""street_2"":""Res 4"",""street_number"":""1"",""suburb"":""Vale Park""}"
326,1916,PWA,Developer,Town of Walkerville,5,Res 5,,,,5081,1063,residential,,,,Hamilton St / 6 Illford St,Res 5,1,Vale Park,,"{""agreement"":""PWA"",""client_type"":""Developer"",""council"":""Town of Walkerville"",""job_sequence"":5,""lot_label"":""Res 5"",""postcode"":""5081"",""project_number"":1063,""project_type"":""residential"",""street"":""Hamilton St / 6 Illford St"",""street_2"":""Res 5"",""street_number"":""1"",""suburb"":""Vale Park""}"
327,1917,PWA,Developer,Town of Walkerville,6,Res 6,,,,5081,1063,residential,,,,Hamilton St / 6 Illford St,Res 6,1,Vale Park,,"{""agreement"":""PWA"",""client_type"":""Developer"",""council"":""Town of Walkerville"",""job_sequence"":6,""lot_label"":""Res 6"",""postcode"":""5081"",""project_number"":1063,""project_type"":""residential"",""street"":""Hamilton St / 6 Illford St"",""street_2"":""Res 6"",""street_number"":""1"",""suburb"":""Vale Park""}"
328,1918,PWA,Developer,Town of Walkerville,7,Res 7,,,,5081,1063,residential,,,,Hamilton St / 6 Illford St,Res 7,1,Vale Park,,"{""agreement"":""PWA"",""client_type"":""Developer"",""council"":""Town of Walkerville"",""job_sequence"":7,""lot_label"":""Res 7"",""postcode"":""5081"",""project_number"":1063,""project_type"":""residential"",""street"":""Hamilton St / 6 Illford St"",""street_2"":""Res 7"",""street_number"":""1"",""suburb"":""Vale Park""}"
329,1919,PWA,Developer,Town of Walkerville,8,Res 8,,,,5081,1063,residential,,,,Hamilton St / 6 Illford St,Res 8,1,Vale Park,,"{""agreement"":""PWA"",""client_type"":""Developer"",""council"":""Town of Walkerville"",""job_sequence"":8,""lot_label"":""Res 8"",""postcode"":""5081"",""project_number"":1063,""project_type"":""residential"",""street"":""Hamilton St / 6 Illford St"",""street_2"":""Res 8"",""street_number"":""1"",""suburb"":""Vale Park""}"
330,1920,PWA,Developer,Town of Walkerville,9,Res 9,,,True,5081,1063,residential,,,,Hamilton St / 6 Illford St,Res 9,1,Vale Park,,"{""agreement"":""PWA"",""client_type"":""Developer"",""council"":""Town of Walkerville"",""job_sequence"":9,""lot_label"":""Res 9"",""old_number_shared"":true,""postcode"":""5081"",""project_number"":1063,""project_type"":""residential"",""street"":""Hamilton St / 6 Illford St"",""street_2"":""Res 9"",""street_number"":""1"",""suburb"":""Vale Park""}"
331,1921,PWA,Retail,Campbelltown City Council,1,Res 1,,,,5073,1064,residential,,,,Stagg Drive,Res 1,7,Tranmere,,"{""agreement"":""PWA"",""client_type"":""Retail"",""council"":""Campbelltown City Council"",""job_sequence"":1,""lot_label"":""Res 1"",""postcode"":""5073"",""project_number"":1064,""project_type"":""residential"",""street"":""Stagg Drive"",""street_2"":""Res 1"",""street_number"":""7"",""suburb"":""Tranmere""}"
332,1922,PWA,Retail,Campbelltown City Council,2,Res 2,,,,5073,1064,residential,,,,Stagg Drive,Res 2,7,Tranmere,,"{""agreement"":""PWA"",""client_type"":""Retail"",""council"":""Campbelltown City Council"",""job_sequence"":2,""lot_label"":""Res 2"",""postcode"":""5073"",""project_number"":1064,""project_type"":""residential"",""street"":""Stagg Drive"",""street_2"":""Res 2"",""street_number"":""7"",""suburb"":""Tranmere""}"
333,1923,PWA,Retail,Campbelltown City Council,3,Res 3,,,,5073,1064,residential,,,,Stagg Drive,Res 3,7,Tranmere,,"{""agreement"":""PWA"",""client_type"":""Retail"",""council"":""Campbelltown City Council"",""job_sequence"":3,""lot_label"":""Res 3"",""postcode"":""5073"",""project_number"":1064,""project_type"":""residential"",""street"":""Stagg Drive"",""street_2"":""Res 3"",""street_number"":""7"",""suburb"":""Tranmere""}"
334,1924,PWA,Developer,City of Onkaparinga,1,Res 1,,,,5165,1065,residential,,,,Grundy Tce,Res 1,82,Christies Beach,,"{""agreement"":""PWA"",""client_type"":""Developer"",""council"":""City of Onkaparinga"",""job_sequence"":1,""lot_label"":""Res 1"",""postcode"":""5165"",""project_number"":1065,""project_type"":""residential"",""street"":""Grundy Tce"",""street_2"":""Res 1"",""street_number"":""82"",""suburb"":""Christies Beach""}"
335,1925,PWA,Developer,City of Onkaparinga,2,Res 2,,,,5165,1065,residential,,,,Grundy Tce,Res 2,82,Christies Beach,,"{""agreement"":""PWA"",""client_type"":""Developer"",""council"":""City of Onkaparinga"",""job_sequence"":2,""lot_label"":""Res 2"",""postcode"":""5165"",""project_number"":1065,""project_type"":""residential"",""street"":""Grundy Tce"",""street_2"":""Res 2"",""street_number"":""82"",""suburb"":""Christies Beach""}"
336,1926,PWA,Developer,City of Onkaparinga,3,Res 3,,,,5165,1065,residential,,,,Grundy Tce,Res 3,82,Christies Beach,,"{""agreement"":""PWA"",""client_type"":""Developer"",""council"":""City of Onkaparinga"",""job_sequence"":3,""lot_label"":""Res 3"",""postcode"":""5165"",""project_number"":1065,""project_type"":""residential"",""street"":""Grundy Tce"",""street_2"":""Res 3"",""street_number"":""82"",""suburb"":""Christies Beach""}"
337,1927,PWA,Developer,City of Onkaparinga,4,Res 4,,,,5165,1065,residential,,,,Grundy Tce,Res 4,82,Christies Beach,,"{""agreement"":""PWA"",""client_type"":""Developer"",""council"":""City of Onkaparinga"",""job_sequence"":4,""lot_label"":""Res 4"",""postcode"":""5165"",""project_number"":1065,""project_type"":""residential"",""street"":""Grundy Tce"",""street_2"":""Res 4"",""street_number"":""82"",""suburb"":""Christies Beach""}"
338,1928,PWA,Developer,City of Onkaparinga,5,Res 5,,,,5165,1065,residential,,,,Grundy Tce,Res 5,82,Christies Beach,,"{""agreement"":""PWA"",""client_type"":""Developer"",""council"":""City of Onkaparinga"",""job_sequence"":5,""lot_label"":""Res 5"",""postcode"":""5165"",""project_number"":1065,""project_type"":""residential"",""street"":""Grundy Tce"",""street_2"":""Res 5"",""street_number"":""82"",""suburb"":""Christies Beach""}"
339,1932,PWA,Retail,City of Charles Sturt,1,Res 1,,,,5009,1066,residential,,,,Hubbard St,Res 1,42-44,Beverley,,"{""agreement"":""PWA"",""client_type"":""Retail"",""council"":""City of Charles Sturt"",""job_sequence"":1,""lot_label"":""Res 1"",""postcode"":""5009"",""project_number"":1066,""project_type"":""residential"",""street"":""Hubbard St"",""street_2"":""Res 1"",""street_number"":""42-44"",""suburb"":""Beverley""}"
340,1933,PWA,Retail,City of Charles Sturt,2,Res 2,,,,5009,1066,residential,,,,Hubbard St,Res 2,42-44,Beverley,,"{""agreement"":""PWA"",""client_type"":""Retail"",""council"":""City of Charles Sturt"",""job_sequence"":2,""lot_label"":""Res 2"",""postcode"":""5009"",""project_number"":1066,""project_type"":""residential"",""street"":""Hubbard St"",""street_2"":""Res 2"",""street_number"":""42-44"",""suburb"":""Beverley""}"
341,1934,PWA,Retail,City of Charles Sturt,3,Res 3,,,,5009,1066,residential,,,,Hubbard St,Res 3,42-44,Beverley,,"{""agreement"":""PWA"",""client_type"":""Retail"",""council"":""City of Charles Sturt"",""job_sequence"":3,""lot_label"":""Res 3"",""postcode"":""5009"",""project_number"":1066,""project_type"":""residential"",""street"":""Hubbard St"",""street_2"":""Res 3"",""street_number"":""42-44"",""suburb"":""Beverley""}"
342,1935,PWA,Retail,City of Playford,1,Res 1,,,,5113,1067,residential,,,,Kenner St,Res 1,26,Elizabeth Downs,,"{""agreement"":""PWA"",""client_type"":""Retail"",""council"":""City of Playford"",""job_sequence"":1,""lot_label"":""Res 1"",""postcode"":""5113"",""project_number"":1067,""project_type"":""residential"",""street"":""Kenner St"",""street_2"":""Res 1"",""street_number"":""26"",""suburb"":""Elizabeth Downs""}"
343,1936,PWA,Retail,City of Playford,2,Res 2,,,,5113,1067,residential,,,,Kenner St,Res 2,26,Elizabeth Downs,,"{""agreement"":""PWA"",""client_type"":""Retail"",""council"":""City of Playford"",""job_sequence"":2,""lot_label"":""Res 2"",""postcode"":""5113"",""project_number"":1067,""project_type"":""residential"",""street"":""Kenner St"",""street_2"":""Res 2"",""street_number"":""26"",""suburb"":""Elizabeth Downs""}"
344,1937,PWA,Retail,City of Playford,3,Res 3,,,,5113,1067,residential,,,,Kenner St,Res 3,26,Elizabeth Downs,,"{""agreement"":""PWA"",""client_type"":""Retail"",""council"":""City of Playford"",""job_sequence"":3,""lot_label"":""Res 3"",""postcode"":""5113"",""project_number"":1067,""project_type"":""residential"",""street"":""Kenner St"",""street_2"":""Res 3"",""street_number"":""26"",""suburb"":""Elizabeth Downs""}"
345,1938,PWA,Retail,City of Salisbury,1,Res 1,,,,5093,1068,residential,,,,Carousel St,Res 1,10,Para Vista,,"{""agreement"":""PWA"",""client_type"":""Retail"",""council"":""City of Salisbury"",""job_sequence"":1,""lot_label"":""Res 1"",""postcode"":""5093"",""project_number"":1068,""project_type"":""residential"",""street"":""Carousel St"",""street_2"":""Res 1"",""street_number"":""10"",""suburb"":""Para Vista""}"
346,1939,PWA,Retail,City of Salisbury,2,Res 2,,,,5093,1068,residential,,,,Carousel St,Res 2,10,Para Vista,,"{""agreement"":""PWA"",""client_type"":""Retail"",""council"":""City of Salisbury"",""job_sequence"":2,""lot_label"":""Res 2"",""postcode"":""5093"",""project_number"":1068,""project_type"":""residential"",""street"":""Carousel St"",""street_2"":""Res 2"",""street_number"":""10"",""suburb"":""Para Vista""}"
347,1940,PWA,Retail,City of Salisbury,3,Res 3,,,,5093,1068,residential,,,,Carousel St,Res 3,10,Para Vista,,"{""agreement"":""PWA"",""client_type"":""Retail"",""council"":""City of Salisbury"",""job_sequence"":3,""lot_label"":""Res 3"",""postcode"":""5093"",""project_number"":1068,""project_type"":""residential"",""street"":""Carousel St"",""street_2"":""Res 3"",""street_number"":""10"",""suburb"":""Para Vista""}"
348,1941,PWA,Developer,City of Charles Sturt,1,Res 1,,,,5023,1069,residential,,,,Balcombe Ave,Res 1,43,Findon,,"{""agreement"":""PWA"",""client_type"":""Developer"",""council"":""City of Charles Sturt"",""job_sequence"":1,""lot_label"":""Res 1"",""postcode"":""5023"",""project_number"":1069,""project_type"":""residential"",""street"":""Balcombe Ave"",""street_2"":""Res 1"",""street_number"":""43"",""suburb"":""Findon""}"
349,1942,PWA,Developer,City of Charles Sturt,2,Res 2,,,,5023,1069,residential,,,,Balcombe Ave,Res 2,43,Findon,,"{""agreement"":""PWA"",""client_type"":""Developer"",""council"":""City of Charles Sturt"",""job_sequence"":2,""lot_label"":""Res 2"",""postcode"":""5023"",""project_number"":1069,""project_type"":""residential"",""street"":""Balcombe Ave"",""street_2"":""Res 2"",""street_number"":""43"",""suburb"":""Findon""}"
350,1943,PWA,Developer,City of Charles Sturt,3,Res 3,,,,5023,1069,residential,,,,Balcombe Ave,Res 3,43,Findon,,"{""agreement"":""PWA"",""client_type"":""Developer"",""council"":""City of Charles Sturt"",""job_sequence"":3,""lot_label"":""Res 3"",""postcode"":""5023"",""project_number"":1069,""project_type"":""residential"",""street"":""Balcombe Ave"",""street_2"":""Res 3"",""street_number"":""43"",""suburb"":""Findon""}"
351,1944,PWA,Developer,City of Onkaparinga,1,"Res 1, Lot 20",20,['lot number read from the site address cell: Lot 20'],,5162,1070,residential,,,,Taylor Ave,Res 1,20,Morphett Vale,,"{""agreement"":""PWA"",""client_type"":""Developer"",""council"":""City of Onkaparinga"",""job_sequence"":1,""lot_label"":""Res 1, Lot 20"",""lot_number"":""20"",""notes"":[""lot number read from the site address cell: Lot 20""],""postcode"":""5162"",""project_number"":1070,""project_type"":""residential"",""street"":""Taylor Ave"",""street_2"":""Res 1"",""street_number"":""20"",""suburb"":""Morphett Vale""}"
352,1945,PWA,Developer,City of Onkaparinga,2,"Res 2, Lot 20",20,['lot number read from the site address cell: Lot 20'],,5162,1070,residential,,,,Taylor Ave,Res 2,20,Morphett Vale,,"{""agreement"":""PWA"",""client_type"":""Developer"",""council"":""City of Onkaparinga"",""job_sequence"":2,""lot_label"":""Res 2, Lot 20"",""lot_number"":""20"",""notes"":[""lot number read from the site address cell: Lot 20""],""postcode"":""5162"",""project_number"":1070,""project_type"":""residential"",""street"":""Taylor Ave"",""street_2"":""Res 2"",""street_number"":""20"",""suburb"":""Morphett Vale""}"
353,1946,PWA,Developer,City of Onkaparinga,3,"Res 3, Lot 20",20,['lot number read from the site address cell: Lot 20'],,5162,1070,residential,,,,Taylor Ave,Res 3,20,Morphett Vale,,"{""agreement"":""PWA"",""client_type"":""Developer"",""council"":""City of Onkaparinga"",""job_sequence"":3,""lot_label"":""Res 3, Lot 20"",""lot_number"":""20"",""notes"":[""lot number read from the site address cell: Lot 20""],""postcode"":""5162"",""project_number"":1070,""project_type"":""residential"",""street"":""Taylor Ave"",""street_2"":""Res 3"",""street_number"":""20"",""suburb"":""Morphett Vale""}"
354,1947,PWA,Developer,City of Onkaparinga,4,"Res 4, Lot 20",20,['lot number read from the site address cell: Lot 20'],,5162,1070,residential,,,,Taylor Ave,Res 4,20,Morphett Vale,,"{""agreement"":""PWA"",""client_type"":""Developer"",""council"":""City of Onkaparinga"",""job_sequence"":4,""lot_label"":""Res 4, Lot 20"",""lot_number"":""20"",""notes"":[""lot number read from the site address cell: Lot 20""],""postcode"":""5162"",""project_number"":1070,""project_type"":""residential"",""street"":""Taylor Ave"",""street_2"":""Res 4"",""street_number"":""20"",""suburb"":""Morphett Vale""}"
355,1948,PWA,Developer,City of Onkaparinga,5,"Res 5, Lot 20",20,['lot number read from the site address cell: Lot 20'],,5162,1070,residential,,,,Taylor Ave,Res 5,20,Morphett Vale,,"{""agreement"":""PWA"",""client_type"":""Developer"",""council"":""City of Onkaparinga"",""job_sequence"":5,""lot_label"":""Res 5, Lot 20"",""lot_number"":""20"",""notes"":[""lot number read from the site address cell: Lot 20""],""postcode"":""5162"",""project_number"":1070,""project_type"":""residential"",""street"":""Taylor Ave"",""street_2"":""Res 5"",""street_number"":""20"",""suburb"":""Morphett Vale""}"
356,1949,PWA,Developer,City of Onkaparinga,6,"Res 6, Lot 20",20,['lot number read from the site address cell: Lot 20'],,5162,1070,residential,,,,Taylor Ave,Res 6,20,Morphett Vale,,"{""agreement"":""PWA"",""client_type"":""Developer"",""council"":""City of Onkaparinga"",""job_sequence"":6,""lot_label"":""Res 6, Lot 20"",""lot_number"":""20"",""notes"":[""lot number read from the site address cell: Lot 20""],""postcode"":""5162"",""project_number"":1070,""project_type"":""residential"",""street"":""Taylor Ave"",""street_2"":""Res 6"",""street_number"":""20"",""suburb"":""Morphett Vale""}"
357,1950,PWA,Developer,City of Onkaparinga,7,"Res 7, Lot 20",20,['lot number read from the site address cell: Lot 20'],,5162,1070,residential,,,,Taylor Ave,Res 7,20,Morphett Vale,,"{""agreement"":""PWA"",""client_type"":""Developer"",""council"":""City of Onkaparinga"",""job_sequence"":7,""lot_label"":""Res 7, Lot 20"",""lot_number"":""20"",""notes"":[""lot number read from the site address cell: Lot 20""],""postcode"":""5162"",""project_number"":1070,""project_type"":""residential"",""street"":""Taylor Ave"",""street_2"":""Res 7"",""street_number"":""20"",""suburb"":""Morphett Vale""}"
358,1951,PWA,Developer,City of Onkaparinga,8,"Res 8, Lot 20",20,['lot number read from the site address cell: Lot 20'],,5162,1070,residential,,,,Taylor Ave,Res 8,20,Morphett Vale,,"{""agreement"":""PWA"",""client_type"":""Developer"",""council"":""City of Onkaparinga"",""job_sequence"":8,""lot_label"":""Res 8, Lot 20"",""lot_number"":""20"",""notes"":[""lot number read from the site address cell: Lot 20""],""postcode"":""5162"",""project_number"":1070,""project_type"":""residential"",""street"":""Taylor Ave"",""street_2"":""Res 8"",""street_number"":""20"",""suburb"":""Morphett Vale""}"
359,1952,PWA,Developer,City of Onkaparinga,9,"Res 9, Lot 20",20,['lot number read from the site address cell: Lot 20'],,5162,1070,residential,,,,Taylor Ave,Res 9,20,Morphett Vale,,"{""agreement"":""PWA"",""client_type"":""Developer"",""council"":""City of Onkaparinga"",""job_sequence"":9,""lot_label"":""Res 9, Lot 20"",""lot_number"":""20"",""notes"":[""lot number read from the site address cell: Lot 20""],""postcode"":""5162"",""project_number"":1070,""project_type"":""residential"",""street"":""Taylor Ave"",""street_2"":""Res 9"",""street_number"":""20"",""suburb"":""Morphett Vale""}"
360,1953,PWA,Developer,City of Onkaparinga,10,"Res 10, Lot 20",20,['lot number read from the site address cell: Lot 20'],,5162,1070,residential,,,,Taylor Ave,Res 10,20,Morphett Vale,,"{""agreement"":""PWA"",""client_type"":""Developer"",""council"":""City of Onkaparinga"",""job_sequence"":10,""lot_label"":""Res 10, Lot 20"",""lot_number"":""20"",""notes"":[""lot number read from the site address cell: Lot 20""],""postcode"":""5162"",""project_number"":1070,""project_type"":""residential"",""street"":""Taylor Ave"",""street_2"":""Res 10"",""street_number"":""20"",""suburb"":""Morphett Vale""}"
361,1954,PWA,Developer,City of Onkaparinga,11,"Res 11, Lot 20",20,['lot number read from the site address cell: Lot 20'],,5162,1070,residential,,,,Taylor Ave,Res 11,20,Morphett Vale,,"{""agreement"":""PWA"",""client_type"":""Developer"",""council"":""City of Onkaparinga"",""job_sequence"":11,""lot_label"":""Res 11, Lot 20"",""lot_number"":""20"",""notes"":[""lot number read from the site address cell: Lot 20""],""postcode"":""5162"",""project_number"":1070,""project_type"":""residential"",""street"":""Taylor Ave"",""street_2"":""Res 11"",""street_number"":""20"",""suburb"":""Morphett Vale""}"
362,1955,PWA,Developer,City of Onkaparinga,12,"Res 12, Lot 20",20,['lot number read from the site address cell: Lot 20'],,5162,1070,residential,,,,Taylor Ave,Res 12,20,Morphett Vale,,"{""agreement"":""PWA"",""client_type"":""Developer"",""council"":""City of Onkaparinga"",""job_sequence"":12,""lot_label"":""Res 12, Lot 20"",""lot_number"":""20"",""notes"":[""lot number read from the site address cell: Lot 20""],""postcode"":""5162"",""project_number"":1070,""project_type"":""residential"",""street"":""Taylor Ave"",""street_2"":""Res 12"",""street_number"":""20"",""suburb"":""Morphett Vale""}"
363,1956,PWA,Developer,City of Onkaparinga,13,"Res 13, Lot 20",20,['lot number read from the site address cell: Lot 20'],,5162,1070,residential,,,,Taylor Ave,Res 13,20,Morphett Vale,,"{""agreement"":""PWA"",""client_type"":""Developer"",""council"":""City of Onkaparinga"",""job_sequence"":13,""lot_label"":""Res 13, Lot 20"",""lot_number"":""20"",""notes"":[""lot number read from the site address cell: Lot 20""],""postcode"":""5162"",""project_number"":1070,""project_type"":""residential"",""street"":""Taylor Ave"",""street_2"":""Res 13"",""street_number"":""20"",""suburb"":""Morphett Vale""}"
364,1957,PWA,Developer,City of Onkaparinga,14,"Res 14, Lot 20",20,['lot number read from the site address cell: Lot 20'],,5162,1070,residential,,,,Taylor Ave,Res 14,20,Morphett Vale,,"{""agreement"":""PWA"",""client_type"":""Developer"",""council"":""City of Onkaparinga"",""job_sequence"":14,""lot_label"":""Res 14, Lot 20"",""lot_number"":""20"",""notes"":[""lot number read from the site address cell: Lot 20""],""postcode"":""5162"",""project_number"":1070,""project_type"":""residential"",""street"":""Taylor Ave"",""street_2"":""Res 14"",""street_number"":""20"",""suburb"":""Morphett Vale""}"
365,1958,PWA,Developer,City of Onkaparinga,15,"Res 15, Lot 20",20,['lot number read from the site address cell: Lot 20'],,5162,1070,residential,,,,Taylor Ave,Res 15,20,Morphett Vale,,"{""agreement"":""PWA"",""client_type"":""Developer"",""council"":""City of Onkaparinga"",""job_sequence"":15,""lot_label"":""Res 15, Lot 20"",""lot_number"":""20"",""notes"":[""lot number read from the site address cell: Lot 20""],""postcode"":""5162"",""project_number"":1070,""project_type"":""residential"",""street"":""Taylor Ave"",""street_2"":""Res 15"",""street_number"":""20"",""suburb"":""Morphett Vale""}"
366,1959,PWA,Developer,City of Onkaparinga,16,"Res 16, Lot 20",20,['lot number read from the site address cell: Lot 20'],,5162,1070,residential,,,,Taylor Ave,Res 16,20,Morphett Vale,,"{""agreement"":""PWA"",""client_type"":""Developer"",""council"":""City of Onkaparinga"",""job_sequence"":16,""lot_label"":""Res 16, Lot 20"",""lot_number"":""20"",""notes"":[""lot number read from the site address cell: Lot 20""],""postcode"":""5162"",""project_number"":1070,""project_type"":""residential"",""street"":""Taylor Ave"",""street_2"":""Res 16"",""street_number"":""20"",""suburb"":""Morphett Vale""}"
367,1960,PWA,Developer,City of Onkaparinga,17,"Res 17, Lot 20",20,['lot number read from the site address cell: Lot 20'],,5162,1070,residential,,,,Taylor Ave,Res 17,20,Morphett Vale,,"{""agreement"":""PWA"",""client_type"":""Developer"",""council"":""City of Onkaparinga"",""job_sequence"":17,""lot_label"":""Res 17, Lot 20"",""lot_number"":""20"",""notes"":[""lot number read from the site address cell: Lot 20""],""postcode"":""5162"",""project_number"":1070,""project_type"":""residential"",""street"":""Taylor Ave"",""street_2"":""Res 17"",""street_number"":""20"",""suburb"":""Morphett Vale""}"
368,1961,PWA,Developer,City of Onkaparinga,18,"Res 18, Lot 20",20,['lot number read from the site address cell: Lot 20'],,5162,1070,residential,,,,Taylor Ave,Res 18,20,Morphett Vale,,"{""agreement"":""PWA"",""client_type"":""Developer"",""council"":""City of Onkaparinga"",""job_sequence"":18,""lot_label"":""Res 18, Lot 20"",""lot_number"":""20"",""notes"":[""lot number read from the site address cell: Lot 20""],""postcode"":""5162"",""project_number"":1070,""project_type"":""residential"",""street"":""Taylor Ave"",""street_2"":""Res 18"",""street_number"":""20"",""suburb"":""Morphett Vale""}"
369,1962,PWA,Developer,City of Onkaparinga,19,"Res 19, Lot 20",20,['lot number read from the site address cell: Lot 20'],,5162,1070,residential,,,,Taylor Ave,Res 19,20,Morphett Vale,,"{""agreement"":""PWA"",""client_type"":""Developer"",""council"":""City of Onkaparinga"",""job_sequence"":19,""lot_label"":""Res 19, Lot 20"",""lot_number"":""20"",""notes"":[""lot number read from the site address cell: Lot 20""],""postcode"":""5162"",""project_number"":1070,""project_type"":""residential"",""street"":""Taylor Ave"",""street_2"":""Res 19"",""street_number"":""20"",""suburb"":""Morphett Vale""}"
370,1963,PWA,Developer,City of Onkaparinga,20,"Res 20, Lot 20",20,['lot number read from the site address cell: Lot 20'],,5162,1070,residential,,,,Taylor Ave,Res 20,20,Morphett Vale,,"{""agreement"":""PWA"",""client_type"":""Developer"",""council"":""City of Onkaparinga"",""job_sequence"":20,""lot_label"":""Res 20, Lot 20"",""lot_number"":""20"",""notes"":[""lot number read from the site address cell: Lot 20""],""postcode"":""5162"",""project_number"":1070,""project_type"":""residential"",""street"":""Taylor Ave"",""street_2"":""Res 20"",""street_number"":""20"",""suburb"":""Morphett Vale""}"
371,1964,PWA,Developer,City of Onkaparinga,21,"Res 21, Lot 20",20,['lot number read from the site address cell: Lot 20'],,5162,1070,residential,,,,Taylor Ave,Res 21,20,Morphett Vale,,"{""agreement"":""PWA"",""client_type"":""Developer"",""council"":""City of Onkaparinga"",""job_sequence"":21,""lot_label"":""Res 21, Lot 20"",""lot_number"":""20"",""notes"":[""lot number read from the site address cell: Lot 20""],""postcode"":""5162"",""project_number"":1070,""project_type"":""residential"",""street"":""Taylor Ave"",""street_2"":""Res 21"",""street_number"":""20"",""suburb"":""Morphett Vale""}"
372,1965,PWA,Developer,City of Onkaparinga,22,"Res 22, Lot 20",20,['lot number read from the site address cell: Lot 20'],,5162,1070,residential,,,,Taylor Ave,Res 22,20,Morphett Vale,,"{""agreement"":""PWA"",""client_type"":""Developer"",""council"":""City of Onkaparinga"",""job_sequence"":22,""lot_label"":""Res 22, Lot 20"",""lot_number"":""20"",""notes"":[""lot number read from the site address cell: Lot 20""],""postcode"":""5162"",""project_number"":1070,""project_type"":""residential"",""street"":""Taylor Ave"",""street_2"":""Res 22"",""street_number"":""20"",""suburb"":""Morphett Vale""}"
373,1966,PWA,Developer,City of Onkaparinga,23,"Res 23, Lot 20",20,['lot number read from the site address cell: Lot 20'],,5162,1070,residential,,,,Taylor Ave,Res 23,20,Morphett Vale,,"{""agreement"":""PWA"",""client_type"":""Developer"",""council"":""City of Onkaparinga"",""job_sequence"":23,""lot_label"":""Res 23, Lot 20"",""lot_number"":""20"",""notes"":[""lot number read from the site address cell: Lot 20""],""postcode"":""5162"",""project_number"":1070,""project_type"":""residential"",""street"":""Taylor Ave"",""street_2"":""Res 23"",""street_number"":""20"",""suburb"":""Morphett Vale""}"
374,1967,PWA,Developer,City of Marion,1,Res,,"[""lot column is a descriptor, kept as the address's second line: Res""]",,5048,1071,residential,,,,Dunedin Street,Res,8,Dover Gardens,,"{""agreement"":""PWA"",""client_type"":""Developer"",""council"":""City of Marion"",""job_sequence"":1,""lot_label"":""Res"",""notes"":[""lot column is a descriptor, kept as the address's second line: Res""],""postcode"":""5048"",""project_number"":1071,""project_type"":""residential"",""street"":""Dunedin Street"",""street_2"":""Res"",""street_number"":""8"",""suburb"":""Dover Gardens""}"
375,1968,PWA,Developer,City of Marion,2,Res,,"[""lot column is a descriptor, kept as the address's second line: Res""]",,5048,1071,residential,,,,Dunedin Street,Res,8,Dover Gardens,,"{""agreement"":""PWA"",""client_type"":""Developer"",""council"":""City of Marion"",""job_sequence"":2,""lot_label"":""Res"",""notes"":[""lot column is a descriptor, kept as the address's second line: Res""],""postcode"":""5048"",""project_number"":1071,""project_type"":""residential"",""street"":""Dunedin Street"",""street_2"":""Res"",""street_number"":""8"",""suburb"":""Dover Gardens""}"
376,1969,PWA,Developer,City of Marion,3,Res,,"[""lot column is a descriptor, kept as the address's second line: Res""]",,5048,1071,residential,,,,Dunedin Street,Res,8,Dover Gardens,,"{""agreement"":""PWA"",""client_type"":""Developer"",""council"":""City of Marion"",""job_sequence"":3,""lot_label"":""Res"",""notes"":[""lot column is a descriptor, kept as the address's second line: Res""],""postcode"":""5048"",""project_number"":1071,""project_type"":""residential"",""street"":""Dunedin Street"",""street_2"":""Res"",""street_number"":""8"",""suburb"":""Dover Gardens""}"
377,1970,PWA,Retail,City of Onkaparinga,1,,,,,5166,1072,residential,,,,A Baden Tce,,31,O'sullivan Beach,,"{""agreement"":""PWA"",""client_type"":""Retail"",""council"":""City of Onkaparinga"",""job_sequence"":1,""postcode"":""5166"",""project_number"":1072,""project_type"":""residential"",""street"":""A Baden Tce"",""street_number"":""31"",""suburb"":""O'sullivan Beach""}"
378,1974,PWA,Retail,City of Marion,1,Res 1,,,,5043,1073,residential,,,,Mckeller Tce,Res 1,2,Morphettville,,"{""agreement"":""PWA"",""client_type"":""Retail"",""council"":""City of Marion"",""job_sequence"":1,""lot_label"":""Res 1"",""postcode"":""5043"",""project_number"":1073,""project_type"":""residential"",""street"":""Mckeller Tce"",""street_2"":""Res 1"",""street_number"":""2"",""suburb"":""Morphettville""}"
379,1975,PWA,Retail,City of Marion,2,Res 2,,,,5043,1073,residential,,,,Mckeller Tce,Res 2,2,Morphettville,,"{""agreement"":""PWA"",""client_type"":""Retail"",""council"":""City of Marion"",""job_sequence"":2,""lot_label"":""Res 2"",""postcode"":""5043"",""project_number"":1073,""project_type"":""residential"",""street"":""Mckeller Tce"",""street_2"":""Res 2"",""street_number"":""2"",""suburb"":""Morphettville""}"
380,1976,PWA,Retail,City of Marion,3,Res 3,,,,5043,1073,residential,,,,Mckeller Tce,Res 3,2,Morphettville,,"{""agreement"":""PWA"",""client_type"":""Retail"",""council"":""City of Marion"",""job_sequence"":3,""lot_label"":""Res 3"",""postcode"":""5043"",""project_number"":1073,""project_type"":""residential"",""street"":""Mckeller Tce"",""street_2"":""Res 3"",""street_number"":""2"",""suburb"":""Morphettville""}"
381,1977,PWA,Retail,City of Tea Tree Gully,1,Res 1,,,,5090,1074,residential,,,,Leeds Ave,Res 1,4,Hope Valley,,"{""agreement"":""PWA"",""client_type"":""Retail"",""council"":""City of Tea Tree Gully"",""job_sequence"":1,""lot_label"":""Res 1"",""postcode"":""5090"",""project_number"":1074,""project_type"":""residential"",""street"":""Leeds Ave"",""street_2"":""Res 1"",""street_number"":""4"",""suburb"":""Hope Valley""}"
382,1978,PWA,Retail,City of Tea Tree Gully,2,Res 2,,,,5090,1074,residential,,,,Leeds Ave,Res 2,4,Hope Valley,,"{""agreement"":""PWA"",""client_type"":""Retail"",""council"":""City of Tea Tree Gully"",""job_sequence"":2,""lot_label"":""Res 2"",""postcode"":""5090"",""project_number"":1074,""project_type"":""residential"",""street"":""Leeds Ave"",""street_2"":""Res 2"",""street_number"":""4"",""suburb"":""Hope Valley""}"
383,1979,PWA,Retail,City of Tea Tree Gully,3,Res 3,,,,5090,1074,residential,,,,Leeds Ave,Res 3,4,Hope Valley,,"{""agreement"":""PWA"",""client_type"":""Retail"",""council"":""City of Tea Tree Gully"",""job_sequence"":3,""lot_label"":""Res 3"",""postcode"":""5090"",""project_number"":1074,""project_type"":""residential"",""street"":""Leeds Ave"",""street_2"":""Res 3"",""street_number"":""4"",""suburb"":""Hope Valley""}"
384,1980,PWA,Retail,City of Marion,1,Res 1,,['suburb recognised from the end of the street cell'],,5047,1075,residential,{'street': 'Grandview Grove Sturt'},,,Grandview Grove,Res 1,20,Sturt,,"{""agreement"":""PWA"",""client_type"":""Retail"",""council"":""City of Marion"",""job_sequence"":1,""lot_label"":""Res 1"",""notes"":[""suburb recognised from the end of the street cell""],""postcode"":""5047"",""project_number"":1075,""project_type"":""residential"",""respelled"":{""street"":""Grandview Grove Sturt""},""street"":""Grandview Grove"",""street_2"":""Res 1"",""street_number"":""20"",""suburb"":""Sturt""}"
385,1981,PWA,Retail,City of Marion,2,Res 2,,['suburb recognised from the end of the street cell'],,5047,1075,residential,{'street': 'Grandview Grove Sturt'},,,Grandview Grove,Res 2,20,Sturt,,"{""agreement"":""PWA"",""client_type"":""Retail"",""council"":""City of Marion"",""job_sequence"":2,""lot_label"":""Res 2"",""notes"":[""suburb recognised from the end of the street cell""],""postcode"":""5047"",""project_number"":1075,""project_type"":""residential"",""respelled"":{""street"":""Grandview Grove Sturt""},""street"":""Grandview Grove"",""street_2"":""Res 2"",""street_number"":""20"",""suburb"":""Sturt""}"
386,1982,PWA,Retail,City of Marion,3,Res 3,,['suburb recognised from the end of the street cell'],,5047,1075,residential,{'street': 'Grandview Grove Sturt'},,,Grandview Grove,Res 3,20,Sturt,,"{""agreement"":""PWA"",""client_type"":""Retail"",""council"":""City of Marion"",""job_sequence"":3,""lot_label"":""Res 3"",""notes"":[""suburb recognised from the end of the street cell""],""postcode"":""5047"",""project_number"":1075,""project_type"":""residential"",""respelled"":{""street"":""Grandview Grove Sturt""},""street"":""Grandview Grove"",""street_2"":""Res 3"",""street_number"":""20"",""suburb"":""Sturt""}"
387,1983,PWA,Developer,City of Port Adelaide Enfield,1,Res 1,,,,5013,1076,residential,,,,Ivey ST,Res 1,47,Ottoway,,"{""agreement"":""PWA"",""client_type"":""Developer"",""council"":""City of Port Adelaide Enfield"",""job_sequence"":1,""lot_label"":""Res 1"",""postcode"":""5013"",""project_number"":1076,""project_type"":""residential"",""street"":""Ivey ST"",""street_2"":""Res 1"",""street_number"":""47"",""suburb"":""Ottoway""}"
388,1984,PWA,Developer,City of Port Adelaide Enfield,2,Res 2,,,,5013,1076,residential,,,,Ivey ST,Res 2,47,Ottoway,,"{""agreement"":""PWA"",""client_type"":""Developer"",""council"":""City of Port Adelaide Enfield"",""job_sequence"":2,""lot_label"":""Res 2"",""postcode"":""5013"",""project_number"":1076,""project_type"":""residential"",""street"":""Ivey ST"",""street_2"":""Res 2"",""street_number"":""47"",""suburb"":""Ottoway""}"
389,1985,PWA,Developer,City of Port Adelaide Enfield,3,Res 3,,,,5013,1076,residential,,,,Ivey ST,Res 3,47,Ottoway,,"{""agreement"":""PWA"",""client_type"":""Developer"",""council"":""City of Port Adelaide Enfield"",""job_sequence"":3,""lot_label"":""Res 3"",""postcode"":""5013"",""project_number"":1076,""project_type"":""residential"",""street"":""Ivey ST"",""street_2"":""Res 3"",""street_number"":""47"",""suburb"":""Ottoway""}"
390,1991,PWA,Developer,Campbelltown City Council,1,Res 1,,,,5076,1077,residential,,,,Maryvale Rd,Res 1,51,Athelstone,,"{""agreement"":""PWA"",""client_type"":""Developer"",""council"":""Campbelltown City Council"",""job_sequence"":1,""lot_label"":""Res 1"",""postcode"":""5076"",""project_number"":1077,""project_type"":""residential"",""street"":""Maryvale Rd"",""street_2"":""Res 1"",""street_number"":""51"",""suburb"":""Athelstone""}"
391,1992,PWA,Developer,Campbelltown City Council,2,Res 2,,,,5076,1077,residential,,,,Maryvale Rd,Res 2,51,Athelstone,,"{""agreement"":""PWA"",""client_type"":""Developer"",""council"":""Campbelltown City Council"",""job_sequence"":2,""lot_label"":""Res 2"",""postcode"":""5076"",""project_number"":1077,""project_type"":""residential"",""street"":""Maryvale Rd"",""street_2"":""Res 2"",""street_number"":""51"",""suburb"":""Athelstone""}"
392,1993,PWA,Developer,Campbelltown City Council,3,Res 3,,,,5076,1077,residential,,,,Maryvale Rd,Res 3,51,Athelstone,,"{""agreement"":""PWA"",""client_type"":""Developer"",""council"":""Campbelltown City Council"",""job_sequence"":3,""lot_label"":""Res 3"",""postcode"":""5076"",""project_number"":1077,""project_type"":""residential"",""street"":""Maryvale Rd"",""street_2"":""Res 3"",""street_number"":""51"",""suburb"":""Athelstone""}"
393,1994,PWA,Developer,Campbelltown City Council,4,Res 4,,,,5076,1077,residential,,,,Maryvale Rd,Res 4,51,Athelstone,,"{""agreement"":""PWA"",""client_type"":""Developer"",""council"":""Campbelltown City Council"",""job_sequence"":4,""lot_label"":""Res 4"",""postcode"":""5076"",""project_number"":1077,""project_type"":""residential"",""street"":""Maryvale Rd"",""street_2"":""Res 4"",""street_number"":""51"",""suburb"":""Athelstone""}"
394,1995,PWA,Developer,Campbelltown City Council,5,Res 5,,,,5076,1077,residential,,,,Maryvale Rd,Res 5,51,Athelstone,,"{""agreement"":""PWA"",""client_type"":""Developer"",""council"":""Campbelltown City Council"",""job_sequence"":5,""lot_label"":""Res 5"",""postcode"":""5076"",""project_number"":1077,""project_type"":""residential"",""street"":""Maryvale Rd"",""street_2"":""Res 5"",""street_number"":""51"",""suburb"":""Athelstone""}"
395,1996,PWA,Developer,Campbelltown City Council,6,Res 6,,,,5076,1077,residential,,,,Maryvale Rd,Res 6,51,Athelstone,,"{""agreement"":""PWA"",""client_type"":""Developer"",""council"":""Campbelltown City Council"",""job_sequence"":6,""lot_label"":""Res 6"",""postcode"":""5076"",""project_number"":1077,""project_type"":""residential"",""street"":""Maryvale Rd"",""street_2"":""Res 6"",""street_number"":""51"",""suburb"":""Athelstone""}"
396,1997,PWA,Developer,Campbelltown City Council,7,Res 7,,,,5076,1077,residential,,,,Maryvale Rd,Res 7,51,Athelstone,,"{""agreement"":""PWA"",""client_type"":""Developer"",""council"":""Campbelltown City Council"",""job_sequence"":7,""lot_label"":""Res 7"",""postcode"":""5076"",""project_number"":1077,""project_type"":""residential"",""street"":""Maryvale Rd"",""street_2"":""Res 7"",""street_number"":""51"",""suburb"":""Athelstone""}"
397,1998,PWA,Developer,Campbelltown City Council,8,Res 8,,,,5076,1077,residential,,,,Maryvale Rd,Res 8,51,Athelstone,,"{""agreement"":""PWA"",""client_type"":""Developer"",""council"":""Campbelltown City Council"",""job_sequence"":8,""lot_label"":""Res 8"",""postcode"":""5076"",""project_number"":1077,""project_type"":""residential"",""street"":""Maryvale Rd"",""street_2"":""Res 8"",""street_number"":""51"",""suburb"":""Athelstone""}"
398,1999,PWA,Developer,Campbelltown City Council,9,Res 9,,,,5076,1077,residential,,,,Maryvale Rd,Res 9,51,Athelstone,,"{""agreement"":""PWA"",""client_type"":""Developer"",""council"":""Campbelltown City Council"",""job_sequence"":9,""lot_label"":""Res 9"",""postcode"":""5076"",""project_number"":1077,""project_type"":""residential"",""street"":""Maryvale Rd"",""street_2"":""Res 9"",""street_number"":""51"",""suburb"":""Athelstone""}"
399,2000,PWA,Developer,Campbelltown City Council,10,Res 10,,,,5076,1077,residential,,,,Maryvale Rd,Res 10,51,Athelstone,,"{""agreement"":""PWA"",""client_type"":""Developer"",""council"":""Campbelltown City Council"",""job_sequence"":10,""lot_label"":""Res 10"",""postcode"":""5076"",""project_number"":1077,""project_type"":""residential"",""street"":""Maryvale Rd"",""street_2"":""Res 10"",""street_number"":""51"",""suburb"":""Athelstone""}"
400,2001,PWA,Developer,Campbelltown City Council,11,Res 11,,,,5076,1077,residential,,,,Maryvale Rd,Res 11,51,Athelstone,,"{""agreement"":""PWA"",""client_type"":""Developer"",""council"":""Campbelltown City Council"",""job_sequence"":11,""lot_label"":""Res 11"",""postcode"":""5076"",""project_number"":1077,""project_type"":""residential"",""street"":""Maryvale Rd"",""street_2"":""Res 11"",""street_number"":""51"",""suburb"":""Athelstone""}"
401,2002,PWA,Developer,Campbelltown City Council,12,Res 12,,,,5076,1077,residential,,,,Maryvale Rd,Res 12,51,Athelstone,,"{""agreement"":""PWA"",""client_type"":""Developer"",""council"":""Campbelltown City Council"",""job_sequence"":12,""lot_label"":""Res 12"",""postcode"":""5076"",""project_number"":1077,""project_type"":""residential"",""street"":""Maryvale Rd"",""street_2"":""Res 12"",""street_number"":""51"",""suburb"":""Athelstone""}"
402,2003,PWA,Developer,Campbelltown City Council,13,Res 13,,,,5076,1077,residential,,,,Maryvale Rd,Res 13,51,Athelstone,,"{""agreement"":""PWA"",""client_type"":""Developer"",""council"":""Campbelltown City Council"",""job_sequence"":13,""lot_label"":""Res 13"",""postcode"":""5076"",""project_number"":1077,""project_type"":""residential"",""street"":""Maryvale Rd"",""street_2"":""Res 13"",""street_number"":""51"",""suburb"":""Athelstone""}"
403,2004,PWA,Developer,Campbelltown City Council,14,Res 14,,,,5076,1077,residential,,,,Maryvale Rd,Res 14,51,Athelstone,,"{""agreement"":""PWA"",""client_type"":""Developer"",""council"":""Campbelltown City Council"",""job_sequence"":14,""lot_label"":""Res 14"",""postcode"":""5076"",""project_number"":1077,""project_type"":""residential"",""street"":""Maryvale Rd"",""street_2"":""Res 14"",""street_number"":""51"",""suburb"":""Athelstone""}"
404,2005,PWA,Developer,Campbelltown City Council,15,Res 15,,,,5076,1077,residential,,,,Maryvale Rd,Res 15,51,Athelstone,,"{""agreement"":""PWA"",""client_type"":""Developer"",""council"":""Campbelltown City Council"",""job_sequence"":15,""lot_label"":""Res 15"",""postcode"":""5076"",""project_number"":1077,""project_type"":""residential"",""street"":""Maryvale Rd"",""street_2"":""Res 15"",""street_number"":""51"",""suburb"":""Athelstone""}"
405,2006,PWA,Developer,Campbelltown City Council,16,Res 16,,,,5076,1077,residential,,,,Maryvale Rd,Res 16,51,Athelstone,,"{""agreement"":""PWA"",""client_type"":""Developer"",""council"":""Campbelltown City Council"",""job_sequence"":16,""lot_label"":""Res 16"",""postcode"":""5076"",""project_number"":1077,""project_type"":""residential"",""street"":""Maryvale Rd"",""street_2"":""Res 16"",""street_number"":""51"",""suburb"":""Athelstone""}"
406,2007,PWA,Developer,Campbelltown City Council,17,Res 17,,,,5076,1077,residential,,,,Maryvale Rd,Res 17,51,Athelstone,,"{""agreement"":""PWA"",""client_type"":""Developer"",""council"":""Campbelltown City Council"",""job_sequence"":17,""lot_label"":""Res 17"",""postcode"":""5076"",""project_number"":1077,""project_type"":""residential"",""street"":""Maryvale Rd"",""street_2"":""Res 17"",""street_number"":""51"",""suburb"":""Athelstone""}"
407,2008,PWA,Developer,Campbelltown City Council,18,Res 18,,,,5076,1077,residential,,,,Maryvale Rd,Res 18,51,Athelstone,,"{""agreement"":""PWA"",""client_type"":""Developer"",""council"":""Campbelltown City Council"",""job_sequence"":18,""lot_label"":""Res 18"",""postcode"":""5076"",""project_number"":1077,""project_type"":""residential"",""street"":""Maryvale Rd"",""street_2"":""Res 18"",""street_number"":""51"",""suburb"":""Athelstone""}"
408,2009,PWA,Developer,Campbelltown City Council,19,Res 19,,,,5076,1077,residential,,,,Maryvale Rd,Res 19,51,Athelstone,,"{""agreement"":""PWA"",""client_type"":""Developer"",""council"":""Campbelltown City Council"",""job_sequence"":19,""lot_label"":""Res 19"",""postcode"":""5076"",""project_number"":1077,""project_type"":""residential"",""street"":""Maryvale Rd"",""street_2"":""Res 19"",""street_number"":""51"",""suburb"":""Athelstone""}"
409,2010,PWA,Developer,Campbelltown City Council,20,Res 20,,,,5076,1077,residential,,,,Maryvale Rd,Res 20,51,Athelstone,,"{""agreement"":""PWA"",""client_type"":""Developer"",""council"":""Campbelltown City Council"",""job_sequence"":20,""lot_label"":""Res 20"",""postcode"":""5076"",""project_number"":1077,""project_type"":""residential"",""street"":""Maryvale Rd"",""street_2"":""Res 20"",""street_number"":""51"",""suburb"":""Athelstone""}"
410,2011,PWA,Developer,Campbelltown City Council,21,Res 21,,,,5076,1077,residential,,,,Maryvale Rd,Res 21,51,Athelstone,,"{""agreement"":""PWA"",""client_type"":""Developer"",""council"":""Campbelltown City Council"",""job_sequence"":21,""lot_label"":""Res 21"",""postcode"":""5076"",""project_number"":1077,""project_type"":""residential"",""street"":""Maryvale Rd"",""street_2"":""Res 21"",""street_number"":""51"",""suburb"":""Athelstone""}"
411,2012,PWA,Developer,Campbelltown City Council,22,Res 22,,,,5076,1077,residential,,,,Maryvale Rd,Res 22,51,Athelstone,,"{""agreement"":""PWA"",""client_type"":""Developer"",""council"":""Campbelltown City Council"",""job_sequence"":22,""lot_label"":""Res 22"",""postcode"":""5076"",""project_number"":1077,""project_type"":""residential"",""street"":""Maryvale Rd"",""street_2"":""Res 22"",""street_number"":""51"",""suburb"":""Athelstone""}"
412,2013,PWA,Developer,Campbelltown City Council,23,Res 23,,,,5076,1077,residential,,,,Maryvale Rd,Res 23,51,Athelstone,,"{""agreement"":""PWA"",""client_type"":""Developer"",""council"":""Campbelltown City Council"",""job_sequence"":23,""lot_label"":""Res 23"",""postcode"":""5076"",""project_number"":1077,""project_type"":""residential"",""street"":""Maryvale Rd"",""street_2"":""Res 23"",""street_number"":""51"",""suburb"":""Athelstone""}"
413,2014,PWA,Developer,Campbelltown City Council,24,Res 24,,,,5076,1077,residential,,,,Maryvale Rd,Res 24,51,Athelstone,,"{""agreement"":""PWA"",""client_type"":""Developer"",""council"":""Campbelltown City Council"",""job_sequence"":24,""lot_label"":""Res 24"",""postcode"":""5076"",""project_number"":1077,""project_type"":""residential"",""street"":""Maryvale Rd"",""street_2"":""Res 24"",""street_number"":""51"",""suburb"":""Athelstone""}"
414,2015,PWA,Developer,Campbelltown City Council,25,Res 25,,,,5076,1077,residential,,,,Maryvale Rd,Res 25,51,Athelstone,,"{""agreement"":""PWA"",""client_type"":""Developer"",""council"":""Campbelltown City Council"",""job_sequence"":25,""lot_label"":""Res 25"",""postcode"":""5076"",""project_number"":1077,""project_type"":""residential"",""street"":""Maryvale Rd"",""street_2"":""Res 25"",""street_number"":""51"",""suburb"":""Athelstone""}"
415,2016,PWA,Developer,Campbelltown City Council,26,Res 26,,,,5076,1077,residential,,,,Maryvale Rd,Res 26,51,Athelstone,,"{""agreement"":""PWA"",""client_type"":""Developer"",""council"":""Campbelltown City Council"",""job_sequence"":26,""lot_label"":""Res 26"",""postcode"":""5076"",""project_number"":1077,""project_type"":""residential"",""street"":""Maryvale Rd"",""street_2"":""Res 26"",""street_number"":""51"",""suburb"":""Athelstone""}"
416,2017,PWA,Developer,Campbelltown City Council,27,Res 27,,,,5076,1077,residential,,,,Maryvale Rd,Res 27,51,Athelstone,,"{""agreement"":""PWA"",""client_type"":""Developer"",""council"":""Campbelltown City Council"",""job_sequence"":27,""lot_label"":""Res 27"",""postcode"":""5076"",""project_number"":1077,""project_type"":""residential"",""street"":""Maryvale Rd"",""street_2"":""Res 27"",""street_number"":""51"",""suburb"":""Athelstone""}"
417,2018,PWA,Developer,Campbelltown City Council,28,Res 28,,,,5076,1077,residential,,,,Maryvale Rd,Res 28,51,Athelstone,,"{""agreement"":""PWA"",""client_type"":""Developer"",""council"":""Campbelltown City Council"",""job_sequence"":28,""lot_label"":""Res 28"",""postcode"":""5076"",""project_number"":1077,""project_type"":""residential"",""street"":""Maryvale Rd"",""street_2"":""Res 28"",""street_number"":""51"",""suburb"":""Athelstone""}"
418,2019,PWA,Developer,Campbelltown City Council,29,Res 29,,,,5076,1077,residential,,,,Maryvale Rd,Res 29,51,Athelstone,,"{""agreement"":""PWA"",""client_type"":""Developer"",""council"":""Campbelltown City Council"",""job_sequence"":29,""lot_label"":""Res 29"",""postcode"":""5076"",""project_number"":1077,""project_type"":""residential"",""street"":""Maryvale Rd"",""street_2"":""Res 29"",""street_number"":""51"",""suburb"":""Athelstone""}"
419,2020,PWA,Developer,Campbelltown City Council,30,Res 30,,,,5076,1077,residential,,,,Maryvale Rd,Res 30,51,Athelstone,,"{""agreement"":""PWA"",""client_type"":""Developer"",""council"":""Campbelltown City Council"",""job_sequence"":30,""lot_label"":""Res 30"",""postcode"":""5076"",""project_number"":1077,""project_type"":""residential"",""street"":""Maryvale Rd"",""street_2"":""Res 30"",""street_number"":""51"",""suburb"":""Athelstone""}"
420,2021,PWA,Developer,Campbelltown City Council,31,Res 31,,,,5076,1077,residential,,,,Maryvale Rd,Res 31,51,Athelstone,,"{""agreement"":""PWA"",""client_type"":""Developer"",""council"":""Campbelltown City Council"",""job_sequence"":31,""lot_label"":""Res 31"",""postcode"":""5076"",""project_number"":1077,""project_type"":""residential"",""street"":""Maryvale Rd"",""street_2"":""Res 31"",""street_number"":""51"",""suburb"":""Athelstone""}"
421,2022,PWA,Developer,Campbelltown City Council,32,Res 32,,,,5076,1077,residential,,,,Maryvale Rd,Res 32,51,Athelstone,,"{""agreement"":""PWA"",""client_type"":""Developer"",""council"":""Campbelltown City Council"",""job_sequence"":32,""lot_label"":""Res 32"",""postcode"":""5076"",""project_number"":1077,""project_type"":""residential"",""street"":""Maryvale Rd"",""street_2"":""Res 32"",""street_number"":""51"",""suburb"":""Athelstone""}"
422,2023,PWA,Developer,Campbelltown City Council,33,Res 33,,,,5076,1077,residential,,,,Maryvale Rd,Res 33,51,Athelstone,,"{""agreement"":""PWA"",""client_type"":""Developer"",""council"":""Campbelltown City Council"",""job_sequence"":33,""lot_label"":""Res 33"",""postcode"":""5076"",""project_number"":1077,""project_type"":""residential"",""street"":""Maryvale Rd"",""street_2"":""Res 33"",""street_number"":""51"",""suburb"":""Athelstone""}"
423,2024,PWA,Developer,Campbelltown City Council,34,Res 34,,,,5076,1077,residential,,,,Maryvale Rd,Res 34,51,Athelstone,,"{""agreement"":""PWA"",""client_type"":""Developer"",""council"":""Campbelltown City Council"",""job_sequence"":34,""lot_label"":""Res 34"",""postcode"":""5076"",""project_number"":1077,""project_type"":""residential"",""street"":""Maryvale Rd"",""street_2"":""Res 34"",""street_number"":""51"",""suburb"":""Athelstone""}"
424,2025,PWA,Developer,Campbelltown City Council,35,Res 35,,,,5076,1077,residential,,,,Maryvale Rd,Res 35,51,Athelstone,,"{""agreement"":""PWA"",""client_type"":""Developer"",""council"":""Campbelltown City Council"",""job_sequence"":35,""lot_label"":""Res 35"",""postcode"":""5076"",""project_number"":1077,""project_type"":""residential"",""street"":""Maryvale Rd"",""street_2"":""Res 35"",""street_number"":""51"",""suburb"":""Athelstone""}"
425,2026,PWA,Developer,Campbelltown City Council,36,Res 36,,,,5076,1077,residential,,,,Maryvale Rd,Res 36,51,Athelstone,,"{""agreement"":""PWA"",""client_type"":""Developer"",""council"":""Campbelltown City Council"",""job_sequence"":36,""lot_label"":""Res 36"",""postcode"":""5076"",""project_number"":1077,""project_type"":""residential"",""street"":""Maryvale Rd"",""street_2"":""Res 36"",""street_number"":""51"",""suburb"":""Athelstone""}"
426,2027,PWA,Developer,Campbelltown City Council,37,Res 37,,,,5076,1077,residential,,,,Maryvale Rd,Res 37,51,Athelstone,,"{""agreement"":""PWA"",""client_type"":""Developer"",""council"":""Campbelltown City Council"",""job_sequence"":37,""lot_label"":""Res 37"",""postcode"":""5076"",""project_number"":1077,""project_type"":""residential"",""street"":""Maryvale Rd"",""street_2"":""Res 37"",""street_number"":""51"",""suburb"":""Athelstone""}"
427,2028,PWA,Developer,Campbelltown City Council,38,Res 38,,,,5076,1077,residential,,,,Maryvale Rd,Res 38,51,Athelstone,,"{""agreement"":""PWA"",""client_type"":""Developer"",""council"":""Campbelltown City Council"",""job_sequence"":38,""lot_label"":""Res 38"",""postcode"":""5076"",""project_number"":1077,""project_type"":""residential"",""street"":""Maryvale Rd"",""street_2"":""Res 38"",""street_number"":""51"",""suburb"":""Athelstone""}"
428,2029,PWA,Developer,Campbelltown City Council,39,Res 39,,,,5076,1077,residential,,,,Maryvale Rd,Res 39,51,Athelstone,,"{""agreement"":""PWA"",""client_type"":""Developer"",""council"":""Campbelltown City Council"",""job_sequence"":39,""lot_label"":""Res 39"",""postcode"":""5076"",""project_number"":1077,""project_type"":""residential"",""street"":""Maryvale Rd"",""street_2"":""Res 39"",""street_number"":""51"",""suburb"":""Athelstone""}"
429,2030,PWA,Developer,Campbelltown City Council,40,Res 40,,,,5076,1077,residential,,,,Maryvale Rd,Res 40,51,Athelstone,,"{""agreement"":""PWA"",""client_type"":""Developer"",""council"":""Campbelltown City Council"",""job_sequence"":40,""lot_label"":""Res 40"",""postcode"":""5076"",""project_number"":1077,""project_type"":""residential"",""street"":""Maryvale Rd"",""street_2"":""Res 40"",""street_number"":""51"",""suburb"":""Athelstone""}"
430,2031,PWA,Developer,Campbelltown City Council,41,Res 41,,,,5076,1077,residential,,,,Maryvale Rd,Res 41,51,Athelstone,,"{""agreement"":""PWA"",""client_type"":""Developer"",""council"":""Campbelltown City Council"",""job_sequence"":41,""lot_label"":""Res 41"",""postcode"":""5076"",""project_number"":1077,""project_type"":""residential"",""street"":""Maryvale Rd"",""street_2"":""Res 41"",""street_number"":""51"",""suburb"":""Athelstone""}"
431,2032,PWA,Developer,Campbelltown City Council,42,Res 42,,,,5076,1077,residential,,,,Maryvale Rd,Res 42,51,Athelstone,,"{""agreement"":""PWA"",""client_type"":""Developer"",""council"":""Campbelltown City Council"",""job_sequence"":42,""lot_label"":""Res 42"",""postcode"":""5076"",""project_number"":1077,""project_type"":""residential"",""street"":""Maryvale Rd"",""street_2"":""Res 42"",""street_number"":""51"",""suburb"":""Athelstone""}"
432,2033,PWA,Developer,Campbelltown City Council,43,Res 43,,,,5076,1077,residential,,,,Maryvale Rd,Res 43,51,Athelstone,,"{""agreement"":""PWA"",""client_type"":""Developer"",""council"":""Campbelltown City Council"",""job_sequence"":43,""lot_label"":""Res 43"",""postcode"":""5076"",""project_number"":1077,""project_type"":""residential"",""street"":""Maryvale Rd"",""street_2"":""Res 43"",""street_number"":""51"",""suburb"":""Athelstone""}"
433,2034,PWA,Developer,Campbelltown City Council,44,Res 44,,,,5076,1077,residential,,,,Maryvale Rd,Res 44,51,Athelstone,,"{""agreement"":""PWA"",""client_type"":""Developer"",""council"":""Campbelltown City Council"",""job_sequence"":44,""lot_label"":""Res 44"",""postcode"":""5076"",""project_number"":1077,""project_type"":""residential"",""street"":""Maryvale Rd"",""street_2"":""Res 44"",""street_number"":""51"",""suburb"":""Athelstone""}"
434,2035,PWA,Developer,Campbelltown City Council,45,Res 45,,,,5076,1077,residential,,,,Maryvale Rd,Res 45,51,Athelstone,,"{""agreement"":""PWA"",""client_type"":""Developer"",""council"":""Campbelltown City Council"",""job_sequence"":45,""lot_label"":""Res 45"",""postcode"":""5076"",""project_number"":1077,""project_type"":""residential"",""street"":""Maryvale Rd"",""street_2"":""Res 45"",""street_number"":""51"",""suburb"":""Athelstone""}"
435,2036,PWA,Developer,Campbelltown City Council,46,Res 46,,,,5076,1077,residential,,,,Maryvale Rd,Res 46,51,Athelstone,,"{""agreement"":""PWA"",""client_type"":""Developer"",""council"":""Campbelltown City Council"",""job_sequence"":46,""lot_label"":""Res 46"",""postcode"":""5076"",""project_number"":1077,""project_type"":""residential"",""street"":""Maryvale Rd"",""street_2"":""Res 46"",""street_number"":""51"",""suburb"":""Athelstone""}"
436,2037,PWA,Developer,Campbelltown City Council,47,Res 47,,,,5076,1077,residential,,,,Maryvale Rd,Res 47,51,Athelstone,,"{""agreement"":""PWA"",""client_type"":""Developer"",""council"":""Campbelltown City Council"",""job_sequence"":47,""lot_label"":""Res 47"",""postcode"":""5076"",""project_number"":1077,""project_type"":""residential"",""street"":""Maryvale Rd"",""street_2"":""Res 47"",""street_number"":""51"",""suburb"":""Athelstone""}"
437,2038,PWA,Developer,Campbelltown City Council,48,Res 48,,,,5076,1077,residential,,,,Maryvale Rd,Res 48,51,Athelstone,,"{""agreement"":""PWA"",""client_type"":""Developer"",""council"":""Campbelltown City Council"",""job_sequence"":48,""lot_label"":""Res 48"",""postcode"":""5076"",""project_number"":1077,""project_type"":""residential"",""street"":""Maryvale Rd"",""street_2"":""Res 48"",""street_number"":""51"",""suburb"":""Athelstone""}"
438,2039,PWA,Developer,Campbelltown City Council,49,Res 49,,,,5076,1077,residential,,,,Maryvale Rd,Res 49,51,Athelstone,,"{""agreement"":""PWA"",""client_type"":""Developer"",""council"":""Campbelltown City Council"",""job_sequence"":49,""lot_label"":""Res 49"",""postcode"":""5076"",""project_number"":1077,""project_type"":""residential"",""street"":""Maryvale Rd"",""street_2"":""Res 49"",""street_number"":""51"",""suburb"":""Athelstone""}"
439,2040,PWA,Developer,,1,,,,,,1078,residential,,no site address in the source,,,,,,,"{""agreement"":""PWA"",""client_type"":""Developer"",""job_sequence"":1,""project_number"":1078,""project_type"":""residential"",""skip_reason"":""no site address in the source""}"
440,2041,PWA,Developer,City of Salisbury,1,Res 1,,,,5108,1079,residential,,,,Greentree BVD,Res 1,90,Paralowie,,"{""agreement"":""PWA"",""client_type"":""Developer"",""council"":""City of Salisbury"",""job_sequence"":1,""lot_label"":""Res 1"",""postcode"":""5108"",""project_number"":1079,""project_type"":""residential"",""street"":""Greentree BVD"",""street_2"":""Res 1"",""street_number"":""90"",""suburb"":""Paralowie""}"
441,2042,PWA,Developer,City of Salisbury,2,Res 2,,,,5108,1079,residential,,,,Greentree BVD,Res 2,90,Paralowie,,"{""agreement"":""PWA"",""client_type"":""Developer"",""council"":""City of Salisbury"",""job_sequence"":2,""lot_label"":""Res 2"",""postcode"":""5108"",""project_number"":1079,""project_type"":""residential"",""street"":""Greentree BVD"",""street_2"":""Res 2"",""street_number"":""90"",""suburb"":""Paralowie""}"
442,2043,PWA,Developer,City of Salisbury,3,Res 3,,,,5108,1079,residential,,,,Greentree BVD,Res 3,90,Paralowie,,"{""agreement"":""PWA"",""client_type"":""Developer"",""council"":""City of Salisbury"",""job_sequence"":3,""lot_label"":""Res 3"",""postcode"":""5108"",""project_number"":1079,""project_type"":""residential"",""street"":""Greentree BVD"",""street_2"":""Res 3"",""street_number"":""90"",""suburb"":""Paralowie""}"
443,2044,PWA,Developer,City of Salisbury,4,Res 4,,,,5108,1079,residential,,,,Greentree BVD,Res 4,90,Paralowie,,"{""agreement"":""PWA"",""client_type"":""Developer"",""council"":""City of Salisbury"",""job_sequence"":4,""lot_label"":""Res 4"",""postcode"":""5108"",""project_number"":1079,""project_type"":""residential"",""street"":""Greentree BVD"",""street_2"":""Res 4"",""street_number"":""90"",""suburb"":""Paralowie""}"
444,2045,PWA,Developer,City of Salisbury,5,Res 5,,,,5108,1079,residential,,,,Greentree BVD,Res 5,90,Paralowie,,"{""agreement"":""PWA"",""client_type"":""Developer"",""council"":""City of Salisbury"",""job_sequence"":5,""lot_label"":""Res 5"",""postcode"":""5108"",""project_number"":1079,""project_type"":""residential"",""street"":""Greentree BVD"",""street_2"":""Res 5"",""street_number"":""90"",""suburb"":""Paralowie""}"
445,2046,PWA,Developer,City of Salisbury,6,Res 6,,,,5108,1079,residential,,,,Greentree BVD,Res 6,90,Paralowie,,"{""agreement"":""PWA"",""client_type"":""Developer"",""council"":""City of Salisbury"",""job_sequence"":6,""lot_label"":""Res 6"",""postcode"":""5108"",""project_number"":1079,""project_type"":""residential"",""street"":""Greentree BVD"",""street_2"":""Res 6"",""street_number"":""90"",""suburb"":""Paralowie""}"
446,2047,PWA,Developer,City of Salisbury,7,Res 7,,,,5108,1079,residential,,,,Greentree BVD,Res 7,90,Paralowie,,"{""agreement"":""PWA"",""client_type"":""Developer"",""council"":""City of Salisbury"",""job_sequence"":7,""lot_label"":""Res 7"",""postcode"":""5108"",""project_number"":1079,""project_type"":""residential"",""street"":""Greentree BVD"",""street_2"":""Res 7"",""street_number"":""90"",""suburb"":""Paralowie""}"
447,2048,PWA,Developer,City of Marion,1,Res 1,,,,5043,1080,residential,,,,Egan Cres,Res 1,16,Mitchell Park,,"{""agreement"":""PWA"",""client_type"":""Developer"",""council"":""City of Marion"",""job_sequence"":1,""lot_label"":""Res 1"",""postcode"":""5043"",""project_number"":1080,""project_type"":""residential"",""street"":""Egan Cres"",""street_2"":""Res 1"",""street_number"":""16"",""suburb"":""Mitchell Park""}"
448,2049,PWA,Developer,City of Marion,2,Res 2,,,,5043,1080,residential,,,,Egan Cres,Res 2,16,Mitchell Park,,"{""agreement"":""PWA"",""client_type"":""Developer"",""council"":""City of Marion"",""job_sequence"":2,""lot_label"":""Res 2"",""postcode"":""5043"",""project_number"":1080,""project_type"":""residential"",""street"":""Egan Cres"",""street_2"":""Res 2"",""street_number"":""16"",""suburb"":""Mitchell Park""}"
449,2050,PWA,Developer,City of Marion,3,Res 3,,,,5043,1080,residential,,,,Egan Cres,Res 3,16,Mitchell Park,,"{""agreement"":""PWA"",""client_type"":""Developer"",""council"":""City of Marion"",""job_sequence"":3,""lot_label"":""Res 3"",""postcode"":""5043"",""project_number"":1080,""project_type"":""residential"",""street"":""Egan Cres"",""street_2"":""Res 3"",""street_number"":""16"",""suburb"":""Mitchell Park""}"
450,2051,PWA,Developer,City of Marion,1,Res 1,,,,5038,1081,residential,,,,Ayre St,Res 1,25,South Plympton,,"{""agreement"":""PWA"",""client_type"":""Developer"",""council"":""City of Marion"",""job_sequence"":1,""lot_label"":""Res 1"",""postcode"":""5038"",""project_number"":1081,""project_type"":""residential"",""street"":""Ayre St"",""street_2"":""Res 1"",""street_number"":""25"",""suburb"":""South Plympton""}"
451,2052,PWA,Developer,City of Marion,2,Res 2,,,,5038,1081,residential,,,,Ayre St,Res 2,25,South Plympton,,"{""agreement"":""PWA"",""client_type"":""Developer"",""council"":""City of Marion"",""job_sequence"":2,""lot_label"":""Res 2"",""postcode"":""5038"",""project_number"":1081,""project_type"":""residential"",""street"":""Ayre St"",""street_2"":""Res 2"",""street_number"":""25"",""suburb"":""South Plympton""}"
452,2053,PWA,Developer,City of Marion,3,Res 3,,,,5038,1081,residential,,,,Ayre St,Res 3,25,South Plympton,,"{""agreement"":""PWA"",""client_type"":""Developer"",""council"":""City of Marion"",""job_sequence"":3,""lot_label"":""Res 3"",""postcode"":""5038"",""project_number"":1081,""project_type"":""residential"",""street"":""Ayre St"",""street_2"":""Res 3"",""street_number"":""25"",""suburb"":""South Plympton""}"
453,2054,PWA,Developer,City of Norwood Payneham & St Peters,1,Res 1,,,,5070,1082,residential,,,,Lewis Rd,Res 1,17,Payneham,,"{""agreement"":""PWA"",""client_type"":""Developer"",""council"":""City of Norwood Payneham & St Peters"",""job_sequence"":1,""lot_label"":""Res 1"",""postcode"":""5070"",""project_number"":1082,""project_type"":""residential"",""street"":""Lewis Rd"",""street_2"":""Res 1"",""street_number"":""17"",""suburb"":""Payneham""}"
454,2055,PWA,Developer,City of Norwood Payneham & St Peters,2,Res 2,,,,5070,1082,residential,,,,Lewis Rd,Res 2,17,Payneham,,"{""agreement"":""PWA"",""client_type"":""Developer"",""council"":""City of Norwood Payneham & St Peters"",""job_sequence"":2,""lot_label"":""Res 2"",""postcode"":""5070"",""project_number"":1082,""project_type"":""residential"",""street"":""Lewis Rd"",""street_2"":""Res 2"",""street_number"":""17"",""suburb"":""Payneham""}"
455,2056,PWA,Developer,City of Norwood Payneham & St Peters,3,Res 3,,,,5070,1082,residential,,,,Lewis Rd,Res 3,17,Payneham,,"{""agreement"":""PWA"",""client_type"":""Developer"",""council"":""City of Norwood Payneham & St Peters"",""job_sequence"":3,""lot_label"":""Res 3"",""postcode"":""5070"",""project_number"":1082,""project_type"":""residential"",""street"":""Lewis Rd"",""street_2"":""Res 3"",""street_number"":""17"",""suburb"":""Payneham""}"
456,2057,PWA,Developer,City of Norwood Payneham & St Peters,4,Res 4,,,,5070,1082,residential,,,,Lewis Rd,Res 4,17,Payneham,,"{""agreement"":""PWA"",""client_type"":""Developer"",""council"":""City of Norwood Payneham & St Peters"",""job_sequence"":4,""lot_label"":""Res 4"",""postcode"":""5070"",""project_number"":1082,""project_type"":""residential"",""street"":""Lewis Rd"",""street_2"":""Res 4"",""street_number"":""17"",""suburb"":""Payneham""}"
457,2058,PWA,Developer,City of Norwood Payneham & St Peters,5,Res 5,,,,5070,1082,residential,,,,Lewis Rd,Res 5,17,Payneham,,"{""agreement"":""PWA"",""client_type"":""Developer"",""council"":""City of Norwood Payneham & St Peters"",""job_sequence"":5,""lot_label"":""Res 5"",""postcode"":""5070"",""project_number"":1082,""project_type"":""residential"",""street"":""Lewis Rd"",""street_2"":""Res 5"",""street_number"":""17"",""suburb"":""Payneham""}"
458,2059,PWA,Retail,,1,,,"['suburb recognised from the end of the street cell', 'no council: ambiguous in the council list']",,5075,1083,residential,{'street': 'Jenny Ave Dernancourt'},,,Jenny Ave,,16,Dernancourt,,"{""agreement"":""PWA"",""client_type"":""Retail"",""job_sequence"":1,""notes"":[""suburb recognised from the end of the street cell"",""no council: ambiguous in the council list""],""postcode"":""5075"",""project_number"":1083,""project_type"":""residential"",""respelled"":{""street"":""Jenny Ave Dernancourt""},""street"":""Jenny Ave"",""street_number"":""16"",""suburb"":""Dernancourt""}"
459,2061,PWA,Developer,City of Playford,1,,,,,5113,1084,residential,,,,Peachy Rd,,15,Davoren Park,,"{""agreement"":""PWA"",""client_type"":""Developer"",""council"":""City of Playford"",""job_sequence"":1,""postcode"":""5113"",""project_number"":1084,""project_type"":""residential"",""street"":""Peachy Rd"",""street_number"":""15"",""suburb"":""Davoren Park""}"
460,2062,PWA,Developer,City of Playford,2,,,,,5113,1084,residential,,,,Peachy Rd,,15,Davoren Park,,"{""agreement"":""PWA"",""client_type"":""Developer"",""council"":""City of Playford"",""job_sequence"":2,""postcode"":""5113"",""project_number"":1084,""project_type"":""residential"",""street"":""Peachy Rd"",""street_number"":""15"",""suburb"":""Davoren Park""}"
461,2063,PWA,Developer,City of Playford,3,,,,,5113,1084,residential,,,,Peachy Rd,,15,Davoren Park,,"{""agreement"":""PWA"",""client_type"":""Developer"",""council"":""City of Playford"",""job_sequence"":3,""postcode"":""5113"",""project_number"":1084,""project_type"":""residential"",""street"":""Peachy Rd"",""street_number"":""15"",""suburb"":""Davoren Park""}"
462,2065,PWA,Developer,City of Burnside,1,Res 1,,,,5064,1085,residential,,,cancelling,Portrush Road & 16 Taminga Ave,Res 1,593,Glenunga,,"{""agreement"":""PWA"",""client_type"":""Developer"",""council"":""City of Burnside"",""job_sequence"":1,""lot_label"":""Res 1"",""postcode"":""5064"",""project_number"":1085,""project_type"":""residential"",""source_stage"":""cancelling"",""street"":""Portrush Road & 16 Taminga Ave"",""street_2"":""Res 1"",""street_number"":""593"",""suburb"":""Glenunga""}"
463,2066,PWA,Developer,City of Burnside,2,Res 2,,,,5064,1085,residential,,,cancelling,Portrush Road & 16 Taminga Ave,Res 2,593,Glenunga,,"{""agreement"":""PWA"",""client_type"":""Developer"",""council"":""City of Burnside"",""job_sequence"":2,""lot_label"":""Res 2"",""postcode"":""5064"",""project_number"":1085,""project_type"":""residential"",""source_stage"":""cancelling"",""street"":""Portrush Road & 16 Taminga Ave"",""street_2"":""Res 2"",""street_number"":""593"",""suburb"":""Glenunga""}"
464,2067,PWA,Developer,City of Burnside,3,Res 3,,,,5064,1085,residential,,,cancelling,Portrush Road & 16 Taminga Ave,Res 3,593,Glenunga,,"{""agreement"":""PWA"",""client_type"":""Developer"",""council"":""City of Burnside"",""job_sequence"":3,""lot_label"":""Res 3"",""postcode"":""5064"",""project_number"":1085,""project_type"":""residential"",""source_stage"":""cancelling"",""street"":""Portrush Road & 16 Taminga Ave"",""street_2"":""Res 3"",""street_number"":""593"",""suburb"":""Glenunga""}"
465,2068,PWA,Developer,City of Burnside,4,Res 4,,,,5064,1085,residential,,,cancelling,Portrush Road & 16 Taminga Ave,Res 4,593,Glenunga,,"{""agreement"":""PWA"",""client_type"":""Developer"",""council"":""City of Burnside"",""job_sequence"":4,""lot_label"":""Res 4"",""postcode"":""5064"",""project_number"":1085,""project_type"":""residential"",""source_stage"":""cancelling"",""street"":""Portrush Road & 16 Taminga Ave"",""street_2"":""Res 4"",""street_number"":""593"",""suburb"":""Glenunga""}"
466,2069,PWA,Developer,City of Burnside,5,Res 5,,,,5064,1085,residential,,,cancelling,Portrush Road & 16 Taminga Ave,Res 5,593,Glenunga,,"{""agreement"":""PWA"",""client_type"":""Developer"",""council"":""City of Burnside"",""job_sequence"":5,""lot_label"":""Res 5"",""postcode"":""5064"",""project_number"":1085,""project_type"":""residential"",""source_stage"":""cancelling"",""street"":""Portrush Road & 16 Taminga Ave"",""street_2"":""Res 5"",""street_number"":""593"",""suburb"":""Glenunga""}"
467,2070,PWA,Developer,City of Burnside,6,Res 6,,,,5064,1085,residential,,,cancelling,Portrush Road & 16 Taminga Ave,Res 6,593,Glenunga,,"{""agreement"":""PWA"",""client_type"":""Developer"",""council"":""City of Burnside"",""job_sequence"":6,""lot_label"":""Res 6"",""postcode"":""5064"",""project_number"":1085,""project_type"":""residential"",""source_stage"":""cancelling"",""street"":""Portrush Road & 16 Taminga Ave"",""street_2"":""Res 6"",""street_number"":""593"",""suburb"":""Glenunga""}"
468,2071,PWA,Developer,City of Onkaparinga,1,Res 1,,,,5162,1086,residential,,,,Alexander Ave,Res 1,41,Morphett Vale,,"{""agreement"":""PWA"",""client_type"":""Developer"",""council"":""City of Onkaparinga"",""job_sequence"":1,""lot_label"":""Res 1"",""postcode"":""5162"",""project_number"":1086,""project_type"":""residential"",""street"":""Alexander Ave"",""street_2"":""Res 1"",""street_number"":""41"",""suburb"":""Morphett Vale""}"
469,2072,PWA,Developer,City of Onkaparinga,2,Res 2,,,,5162,1086,residential,,,,Alexander Ave,Res 2,41,Morphett Vale,,"{""agreement"":""PWA"",""client_type"":""Developer"",""council"":""City of Onkaparinga"",""job_sequence"":2,""lot_label"":""Res 2"",""postcode"":""5162"",""project_number"":1086,""project_type"":""residential"",""street"":""Alexander Ave"",""street_2"":""Res 2"",""street_number"":""41"",""suburb"":""Morphett Vale""}"
470,2073,PWA,Developer,City of Onkaparinga,3,Res 3,,,,5162,1086,residential,,,,Alexander Ave,Res 3,41,Morphett Vale,,"{""agreement"":""PWA"",""client_type"":""Developer"",""council"":""City of Onkaparinga"",""job_sequence"":3,""lot_label"":""Res 3"",""postcode"":""5162"",""project_number"":1086,""project_type"":""residential"",""street"":""Alexander Ave"",""street_2"":""Res 3"",""street_number"":""41"",""suburb"":""Morphett Vale""}"
471,2074,PWA,Developer,City of Onkaparinga,4,Res 4,,,,5162,1086,residential,,,,Alexander Ave,Res 4,41,Morphett Vale,,"{""agreement"":""PWA"",""client_type"":""Developer"",""council"":""City of Onkaparinga"",""job_sequence"":4,""lot_label"":""Res 4"",""postcode"":""5162"",""project_number"":1086,""project_type"":""residential"",""street"":""Alexander Ave"",""street_2"":""Res 4"",""street_number"":""41"",""suburb"":""Morphett Vale""}"
472,2075,PWA,Developer,City of Charles Sturt,1,Res 1,,,,5023,1087,residential,,,,Pudney St,Res 1,33,Seaton,,"{""agreement"":""PWA"",""client_type"":""Developer"",""council"":""City of Charles Sturt"",""job_sequence"":1,""lot_label"":""Res 1"",""postcode"":""5023"",""project_number"":1087,""project_type"":""residential"",""street"":""Pudney St"",""street_2"":""Res 1"",""street_number"":""33"",""suburb"":""Seaton""}"
473,2076,PWA,Developer,City of Charles Sturt,2,Res 2,,,,5023,1087,residential,,,,Pudney St,Res 2,33,Seaton,,"{""agreement"":""PWA"",""client_type"":""Developer"",""council"":""City of Charles Sturt"",""job_sequence"":2,""lot_label"":""Res 2"",""postcode"":""5023"",""project_number"":1087,""project_type"":""residential"",""street"":""Pudney St"",""street_2"":""Res 2"",""street_number"":""33"",""suburb"":""Seaton""}"
474,2077,PWA,Developer,City of Charles Sturt,3,Res 3,,,,5023,1087,residential,,,,Pudney St,Res 3,33,Seaton,,"{""agreement"":""PWA"",""client_type"":""Developer"",""council"":""City of Charles Sturt"",""job_sequence"":3,""lot_label"":""Res 3"",""postcode"":""5023"",""project_number"":1087,""project_type"":""residential"",""street"":""Pudney St"",""street_2"":""Res 3"",""street_number"":""33"",""suburb"":""Seaton""}"
475,2078,PWA,Developer,City of Marion,1,Res 1,,,,5158,1088,residential,"{'suburb': ""O'Halloran Hill""}",,,Bluehills RD,Res 1,50,O'halloran Hill,,"{""agreement"":""PWA"",""client_type"":""Developer"",""council"":""City of Marion"",""job_sequence"":1,""lot_label"":""Res 1"",""postcode"":""5158"",""project_number"":1088,""project_type"":""residential"",""respelled"":{""suburb"":""O'Halloran Hill""},""street"":""Bluehills RD"",""street_2"":""Res 1"",""street_number"":""50"",""suburb"":""O'halloran Hill""}"
476,2079,PWA,Developer,City of Marion,2,Res 2,,,,5158,1088,residential,"{'suburb': ""O'Halloran Hill""}",,,Bluehills RD,Res 2,50,O'halloran Hill,,"{""agreement"":""PWA"",""client_type"":""Developer"",""council"":""City of Marion"",""job_sequence"":2,""lot_label"":""Res 2"",""postcode"":""5158"",""project_number"":1088,""project_type"":""residential"",""respelled"":{""suburb"":""O'Halloran Hill""},""street"":""Bluehills RD"",""street_2"":""Res 2"",""street_number"":""50"",""suburb"":""O'halloran Hill""}"
477,2080,PWA,Developer,City of Marion,3,Res 3,,,,5158,1088,residential,"{'suburb': ""O'Halloran Hill""}",,,Bluehills RD,Res 3,50,O'halloran Hill,,"{""agreement"":""PWA"",""client_type"":""Developer"",""council"":""City of Marion"",""job_sequence"":3,""lot_label"":""Res 3"",""postcode"":""5158"",""project_number"":1088,""project_type"":""residential"",""respelled"":{""suburb"":""O'Halloran Hill""},""street"":""Bluehills RD"",""street_2"":""Res 3"",""street_number"":""50"",""suburb"":""O'halloran Hill""}"
478,2081,PWA,Developer,City of Marion,4,Res 4,,,,5158,1088,residential,"{'suburb': ""O'Halloran Hill""}",,,Bluehills RD,Res 4,50,O'halloran Hill,,"{""agreement"":""PWA"",""client_type"":""Developer"",""council"":""City of Marion"",""job_sequence"":4,""lot_label"":""Res 4"",""postcode"":""5158"",""project_number"":1088,""project_type"":""residential"",""respelled"":{""suburb"":""O'Halloran Hill""},""street"":""Bluehills RD"",""street_2"":""Res 4"",""street_number"":""50"",""suburb"":""O'halloran Hill""}"
479,2082,PWA,Retail,City of Salisbury,1,,,,,5096,1089,residential,,,,Bayview Rd,,36,Gulfview Heights,,"{""agreement"":""PWA"",""client_type"":""Retail"",""council"":""City of Salisbury"",""job_sequence"":1,""postcode"":""5096"",""project_number"":1089,""project_type"":""residential"",""street"":""Bayview Rd"",""street_number"":""36"",""suburb"":""Gulfview Heights""}"
480,2083,PWA,,City of Onkaparinga,1,Res 1,,,,5159,1090,residential,{'suburb': 'Happy valley'},,,Jennifer Ave,Res 1,22,Happy Valley,,"{""agreement"":""PWA"",""council"":""City of Onkaparinga"",""job_sequence"":1,""lot_label"":""Res 1"",""postcode"":""5159"",""project_number"":1090,""project_type"":""residential"",""respelled"":{""suburb"":""Happy valley""},""street"":""Jennifer Ave"",""street_2"":""Res 1"",""street_number"":""22"",""suburb"":""Happy Valley""}"
481,2084,PWA,Developer,Campbelltown City Council,1,Res 1,,,,5076,1091,residential,,,,Montacute Rd,Res 1,337&339,Athelstone,,"{""agreement"":""PWA"",""client_type"":""Developer"",""council"":""Campbelltown City Council"",""job_sequence"":1,""lot_label"":""Res 1"",""postcode"":""5076"",""project_number"":1091,""project_type"":""residential"",""street"":""Montacute Rd"",""street_2"":""Res 1"",""street_number"":""337&339"",""suburb"":""Athelstone""}"
482,2085,PWA,Developer,Campbelltown City Council,2,Res 2,,,,5076,1091,residential,,,,Montacute Rd,Res 2,337&339,Athelstone,,"{""agreement"":""PWA"",""client_type"":""Developer"",""council"":""Campbelltown City Council"",""job_sequence"":2,""lot_label"":""Res 2"",""postcode"":""5076"",""project_number"":1091,""project_type"":""residential"",""street"":""Montacute Rd"",""street_2"":""Res 2"",""street_number"":""337&339"",""suburb"":""Athelstone""}"
483,2086,PWA,Developer,Campbelltown City Council,3,Res 3,,,,5076,1091,residential,,,,Montacute Rd,Res 3,337&339,Athelstone,,"{""agreement"":""PWA"",""client_type"":""Developer"",""council"":""Campbelltown City Council"",""job_sequence"":3,""lot_label"":""Res 3"",""postcode"":""5076"",""project_number"":1091,""project_type"":""residential"",""street"":""Montacute Rd"",""street_2"":""Res 3"",""street_number"":""337&339"",""suburb"":""Athelstone""}"
484,2087,PWA,Developer,Campbelltown City Council,4,Res 4,,,,5076,1091,residential,,,,Montacute Rd,Res 4,337&339,Athelstone,,"{""agreement"":""PWA"",""client_type"":""Developer"",""council"":""Campbelltown City Council"",""job_sequence"":4,""lot_label"":""Res 4"",""postcode"":""5076"",""project_number"":1091,""project_type"":""residential"",""street"":""Montacute Rd"",""street_2"":""Res 4"",""street_number"":""337&339"",""suburb"":""Athelstone""}"
485,2088,PWA,Developer,Campbelltown City Council,5,Res 5,,,,5076,1091,residential,,,,Montacute Rd,Res 5,337&339,Athelstone,,"{""agreement"":""PWA"",""client_type"":""Developer"",""council"":""Campbelltown City Council"",""job_sequence"":5,""lot_label"":""Res 5"",""postcode"":""5076"",""project_number"":1091,""project_type"":""residential"",""street"":""Montacute Rd"",""street_2"":""Res 5"",""street_number"":""337&339"",""suburb"":""Athelstone""}"
486,2089,PWA,Developer,Campbelltown City Council,6,Res 6,,,,5076,1091,residential,,,,Montacute Rd,Res 6,337&339,Athelstone,,"{""agreement"":""PWA"",""client_type"":""Developer"",""council"":""Campbelltown City Council"",""job_sequence"":6,""lot_label"":""Res 6"",""postcode"":""5076"",""project_number"":1091,""project_type"":""residential"",""street"":""Montacute Rd"",""street_2"":""Res 6"",""street_number"":""337&339"",""suburb"":""Athelstone""}"
487,2090,PWA,Developer,Campbelltown City Council,7,Res 7,,,,5076,1091,residential,,,,Montacute Rd,Res 7,337&339,Athelstone,,"{""agreement"":""PWA"",""client_type"":""Developer"",""council"":""Campbelltown City Council"",""job_sequence"":7,""lot_label"":""Res 7"",""postcode"":""5076"",""project_number"":1091,""project_type"":""residential"",""street"":""Montacute Rd"",""street_2"":""Res 7"",""street_number"":""337&339"",""suburb"":""Athelstone""}"
488,2091,PWA,Developer,Campbelltown City Council,8,Res 8,,,,5076,1091,residential,,,,Montacute Rd,Res 8,337&339,Athelstone,,"{""agreement"":""PWA"",""client_type"":""Developer"",""council"":""Campbelltown City Council"",""job_sequence"":8,""lot_label"":""Res 8"",""postcode"":""5076"",""project_number"":1091,""project_type"":""residential"",""street"":""Montacute Rd"",""street_2"":""Res 8"",""street_number"":""337&339"",""suburb"":""Athelstone""}"
489,2092,PWA,Developer,Campbelltown City Council,9,Res 9,,,,5076,1091,residential,,,,Montacute Rd,Res 9,337&339,Athelstone,,"{""agreement"":""PWA"",""client_type"":""Developer"",""council"":""Campbelltown City Council"",""job_sequence"":9,""lot_label"":""Res 9"",""postcode"":""5076"",""project_number"":1091,""project_type"":""residential"",""street"":""Montacute Rd"",""street_2"":""Res 9"",""street_number"":""337&339"",""suburb"":""Athelstone""}"
490,2093,PWA,Developer,Campbelltown City Council,10,Res 10,,,,5076,1091,residential,,,,Montacute Rd,Res 10,337&339,Athelstone,,"{""agreement"":""PWA"",""client_type"":""Developer"",""council"":""Campbelltown City Council"",""job_sequence"":10,""lot_label"":""Res 10"",""postcode"":""5076"",""project_number"":1091,""project_type"":""residential"",""street"":""Montacute Rd"",""street_2"":""Res 10"",""street_number"":""337&339"",""suburb"":""Athelstone""}"
491,2094,PWA,Developer,Campbelltown City Council,11,Res 11,,,,5076,1091,residential,,,,Montacute Rd,Res 11,337&339,Athelstone,,"{""agreement"":""PWA"",""client_type"":""Developer"",""council"":""Campbelltown City Council"",""job_sequence"":11,""lot_label"":""Res 11"",""postcode"":""5076"",""project_number"":1091,""project_type"":""residential"",""street"":""Montacute Rd"",""street_2"":""Res 11"",""street_number"":""337&339"",""suburb"":""Athelstone""}"
492,2095,PWA,Developer,Campbelltown City Council,12,Res 12,,,,5076,1091,residential,,,,Montacute Rd,Res 12,337&339,Athelstone,,"{""agreement"":""PWA"",""client_type"":""Developer"",""council"":""Campbelltown City Council"",""job_sequence"":12,""lot_label"":""Res 12"",""postcode"":""5076"",""project_number"":1091,""project_type"":""residential"",""street"":""Montacute Rd"",""street_2"":""Res 12"",""street_number"":""337&339"",""suburb"":""Athelstone""}"
493,2096,PWA,Developer,Campbelltown City Council,13,Res 13,,,,5076,1091,residential,,,,Montacute Rd,Res 13,337&339,Athelstone,,"{""agreement"":""PWA"",""client_type"":""Developer"",""council"":""Campbelltown City Council"",""job_sequence"":13,""lot_label"":""Res 13"",""postcode"":""5076"",""project_number"":1091,""project_type"":""residential"",""street"":""Montacute Rd"",""street_2"":""Res 13"",""street_number"":""337&339"",""suburb"":""Athelstone""}"
494,2097,PWA,Developer,Campbelltown City Council,14,Res 14,,,,5076,1091,residential,,,,Montacute Rd,Res 14,337&339,Athelstone,,"{""agreement"":""PWA"",""client_type"":""Developer"",""council"":""Campbelltown City Council"",""job_sequence"":14,""lot_label"":""Res 14"",""postcode"":""5076"",""project_number"":1091,""project_type"":""residential"",""street"":""Montacute Rd"",""street_2"":""Res 14"",""street_number"":""337&339"",""suburb"":""Athelstone""}"
495,2098,PWA,Developer,Campbelltown City Council,15,Res 15,,,,5076,1091,residential,,,,Montacute Rd,Res 15,337&339,Athelstone,,"{""agreement"":""PWA"",""client_type"":""Developer"",""council"":""Campbelltown City Council"",""job_sequence"":15,""lot_label"":""Res 15"",""postcode"":""5076"",""project_number"":1091,""project_type"":""residential"",""street"":""Montacute Rd"",""street_2"":""Res 15"",""street_number"":""337&339"",""suburb"":""Athelstone""}"
496,2099,PWA,Developer,Campbelltown City Council,16,Res 16,,,,5076,1091,residential,,,,Montacute Rd,Res 16,337&339,Athelstone,,"{""agreement"":""PWA"",""client_type"":""Developer"",""council"":""Campbelltown City Council"",""job_sequence"":16,""lot_label"":""Res 16"",""postcode"":""5076"",""project_number"":1091,""project_type"":""residential"",""street"":""Montacute Rd"",""street_2"":""Res 16"",""street_number"":""337&339"",""suburb"":""Athelstone""}"
497,2100,PWA,,City of Onkaparinga,1,Res 1,,,,5159,1092,residential,,,,Budapest Rd,Res 1,7,Aberfoyle Park,,"{""agreement"":""PWA"",""council"":""City of Onkaparinga"",""job_sequence"":1,""lot_label"":""Res 1"",""postcode"":""5159"",""project_number"":1092,""project_type"":""residential"",""street"":""Budapest Rd"",""street_2"":""Res 1"",""street_number"":""7"",""suburb"":""Aberfoyle Park""}"
498,2101,PWA,,City of Onkaparinga,2,Res 2,,,,5159,1092,residential,,,,Budapest Rd,Res 2,7,Aberfoyle Park,,"{""agreement"":""PWA"",""council"":""City of Onkaparinga"",""job_sequence"":2,""lot_label"":""Res 2"",""postcode"":""5159"",""project_number"":1092,""project_type"":""residential"",""street"":""Budapest Rd"",""street_2"":""Res 2"",""street_number"":""7"",""suburb"":""Aberfoyle Park""}"
499,2102,PWA,,City of Onkaparinga,3,Res 3,,,,5159,1092,residential,,,,Budapest Rd,Res 3,7,Aberfoyle Park,,"{""agreement"":""PWA"",""council"":""City of Onkaparinga"",""job_sequence"":3,""lot_label"":""Res 3"",""postcode"":""5159"",""project_number"":1092,""project_type"":""residential"",""street"":""Budapest Rd"",""street_2"":""Res 3"",""street_number"":""7"",""suburb"":""Aberfoyle Park""}"
500,2103,PWA,,City of Onkaparinga,4,Res 4,,,,5159,1092,residential,,,,Budapest Rd,Res 4,7,Aberfoyle Park,,"{""agreement"":""PWA"",""council"":""City of Onkaparinga"",""job_sequence"":4,""lot_label"":""Res 4"",""postcode"":""5159"",""project_number"":1092,""project_type"":""residential"",""street"":""Budapest Rd"",""street_2"":""Res 4"",""street_number"":""7"",""suburb"":""Aberfoyle Park""}"
501,2104,PWA,,City of Onkaparinga,5,Res 5,,,,5159,1092,residential,,,,Budapest Rd,Res 5,7,Aberfoyle Park,,"{""agreement"":""PWA"",""council"":""City of Onkaparinga"",""job_sequence"":5,""lot_label"":""Res 5"",""postcode"":""5159"",""project_number"":1092,""project_type"":""residential"",""street"":""Budapest Rd"",""street_2"":""Res 5"",""street_number"":""7"",""suburb"":""Aberfoyle Park""}"
502,2105,PWA,,City of Onkaparinga,6,Res 6,,,,5159,1092,residential,,,,Budapest Rd,Res 6,7,Aberfoyle Park,,"{""agreement"":""PWA"",""council"":""City of Onkaparinga"",""job_sequence"":6,""lot_label"":""Res 6"",""postcode"":""5159"",""project_number"":1092,""project_type"":""residential"",""street"":""Budapest Rd"",""street_2"":""Res 6"",""street_number"":""7"",""suburb"":""Aberfoyle Park""}"
503,2106,PWA,Retail,City of Onkaparinga,2,Res 1,,,,5159,1090,residential,{'suburb': 'Happy valley'},,,Jennifer Ave,Res 1,22,Happy Valley,,"{""agreement"":""PWA"",""client_type"":""Retail"",""council"":""City of Onkaparinga"",""job_sequence"":2,""lot_label"":""Res 1"",""postcode"":""5159"",""project_number"":1090,""project_type"":""residential"",""respelled"":{""suburb"":""Happy valley""},""street"":""Jennifer Ave"",""street_2"":""Res 1"",""street_number"":""22"",""suburb"":""Happy Valley""}"
504,2107,PWA,Retail,City of Onkaparinga,3,Res 2,,,,5159,1090,residential,{'suburb': 'Happy valley'},,,Jennifer Ave,Res 2,22,Happy Valley,,"{""agreement"":""PWA"",""client_type"":""Retail"",""council"":""City of Onkaparinga"",""job_sequence"":3,""lot_label"":""Res 2"",""postcode"":""5159"",""project_number"":1090,""project_type"":""residential"",""respelled"":{""suburb"":""Happy valley""},""street"":""Jennifer Ave"",""street_2"":""Res 2"",""street_number"":""22"",""suburb"":""Happy Valley""}"
505,2108,PWA,Retail,City of Onkaparinga,4,Res 3,,,,5159,1090,residential,{'suburb': 'Happy valley'},,,Jennifer Ave,Res 3,22,Happy Valley,,"{""agreement"":""PWA"",""client_type"":""Retail"",""council"":""City of Onkaparinga"",""job_sequence"":4,""lot_label"":""Res 3"",""postcode"":""5159"",""project_number"":1090,""project_type"":""residential"",""respelled"":{""suburb"":""Happy valley""},""street"":""Jennifer Ave"",""street_2"":""Res 3"",""street_number"":""22"",""suburb"":""Happy Valley""}"
506,2109,PWA,,City of Onkaparinga,1,Res 1,,,,5164,1093,residential,,,,Osmund Cres,Res 1,2,Christie Downs,,"{""agreement"":""PWA"",""council"":""City of Onkaparinga"",""job_sequence"":1,""lot_label"":""Res 1"",""postcode"":""5164"",""project_number"":1093,""project_type"":""residential"",""street"":""Osmund Cres"",""street_2"":""Res 1"",""street_number"":""2"",""suburb"":""Christie Downs""}"
507,2110,PWA,,City of Onkaparinga,2,Res 2,,,,5164,1093,residential,,,,Osmund Cres,Res 2,2,Christie Downs,,"{""agreement"":""PWA"",""council"":""City of Onkaparinga"",""job_sequence"":2,""lot_label"":""Res 2"",""postcode"":""5164"",""project_number"":1093,""project_type"":""residential"",""street"":""Osmund Cres"",""street_2"":""Res 2"",""street_number"":""2"",""suburb"":""Christie Downs""}"
508,2111,PWA,,City of Onkaparinga,3,Res 3,,,,5164,1093,residential,,,,Osmund Cres,Res 3,2,Christie Downs,,"{""agreement"":""PWA"",""council"":""City of Onkaparinga"",""job_sequence"":3,""lot_label"":""Res 3"",""postcode"":""5164"",""project_number"":1093,""project_type"":""residential"",""street"":""Osmund Cres"",""street_2"":""Res 3"",""street_number"":""2"",""suburb"":""Christie Downs""}"
509,2112,PWA,,City of Onkaparinga,4,Res 4,,,,5164,1093,residential,,,,Osmund Cres,Res 4,2,Christie Downs,,"{""agreement"":""PWA"",""council"":""City of Onkaparinga"",""job_sequence"":4,""lot_label"":""Res 4"",""postcode"":""5164"",""project_number"":1093,""project_type"":""residential"",""street"":""Osmund Cres"",""street_2"":""Res 4"",""street_number"":""2"",""suburb"":""Christie Downs""}"
510,2113,PWA,,City of Onkaparinga,5,Res 5,,,,5164,1093,residential,,,,Osmund Cres,Res 5,2,Christie Downs,,"{""agreement"":""PWA"",""council"":""City of Onkaparinga"",""job_sequence"":5,""lot_label"":""Res 5"",""postcode"":""5164"",""project_number"":1093,""project_type"":""residential"",""street"":""Osmund Cres"",""street_2"":""Res 5"",""street_number"":""2"",""suburb"":""Christie Downs""}"
511,2114,PWA,,City of Onkaparinga,1,Res 1,,,,5159,1094,residential,{'suburb': 'Happy valley'},,,Tatiara Rd,Res 1,7,Happy Valley,,"{""agreement"":""PWA"",""council"":""City of Onkaparinga"",""job_sequence"":1,""lot_label"":""Res 1"",""postcode"":""5159"",""project_number"":1094,""project_type"":""residential"",""respelled"":{""suburb"":""Happy valley""},""street"":""Tatiara Rd"",""street_2"":""Res 1"",""street_number"":""7"",""suburb"":""Happy Valley""}"
512,2115,PWA,,City of Onkaparinga,2,Res 2,,,,5159,1094,residential,{'suburb': 'Happy valley'},,,Tatiara Rd,Res 2,7,Happy Valley,,"{""agreement"":""PWA"",""council"":""City of Onkaparinga"",""job_sequence"":2,""lot_label"":""Res 2"",""postcode"":""5159"",""project_number"":1094,""project_type"":""residential"",""respelled"":{""suburb"":""Happy valley""},""street"":""Tatiara Rd"",""street_2"":""Res 2"",""street_number"":""7"",""suburb"":""Happy Valley""}"
513,2116,PWA,,City of Onkaparinga,3,Res 3,,,,5159,1094,residential,{'suburb': 'Happy valley'},,,Tatiara Rd,Res 3,7,Happy Valley,,"{""agreement"":""PWA"",""council"":""City of Onkaparinga"",""job_sequence"":3,""lot_label"":""Res 3"",""postcode"":""5159"",""project_number"":1094,""project_type"":""residential"",""respelled"":{""suburb"":""Happy valley""},""street"":""Tatiara Rd"",""street_2"":""Res 3"",""street_number"":""7"",""suburb"":""Happy Valley""}"
514,2146,PWA,,Campbelltown City Council,1,Lot 46,46,,,5074,1095,residential,,,,Deans Road,,3,Campbelltown,,"{""agreement"":""PWA"",""council"":""Campbelltown City Council"",""job_sequence"":1,""lot_label"":""Lot 46"",""lot_number"":""46"",""postcode"":""5074"",""project_number"":1095,""project_type"":""residential"",""street"":""Deans Road"",""street_number"":""3"",""suburb"":""Campbelltown""}"
515,2117,PWA,,City of Playford,1,"Res 1, Lot 4999",4999,['lot number read from the site address cell: Lot 4999'],,5115,1096,residential,,,,Dowie Way,Res 1,4999,Munno Para,,"{""agreement"":""PWA"",""council"":""City of Playford"",""job_sequence"":1,""lot_label"":""Res 1, Lot 4999"",""lot_number"":""4999"",""notes"":[""lot number read from the site address cell: Lot 4999""],""postcode"":""5115"",""project_number"":1096,""project_type"":""residential"",""street"":""Dowie Way"",""street_2"":""Res 1"",""street_number"":""4999"",""suburb"":""Munno Para""}"
516,2118,PWA,,City of Playford,2,Res 2,,,,5115,1096,residential,,,,Dowie Way,Res 2,4999,Munno Para,,"{""agreement"":""PWA"",""council"":""City of Playford"",""job_sequence"":2,""lot_label"":""Res 2"",""postcode"":""5115"",""project_number"":1096,""project_type"":""residential"",""street"":""Dowie Way"",""street_2"":""Res 2"",""street_number"":""4999"",""suburb"":""Munno Para""}"
517,2119,PWA,,City of Playford,3,Res 3,,,,5115,1096,residential,,,,Dowie Way,Res 3,4999,Munno Para,,"{""agreement"":""PWA"",""council"":""City of Playford"",""job_sequence"":3,""lot_label"":""Res 3"",""postcode"":""5115"",""project_number"":1096,""project_type"":""residential"",""street"":""Dowie Way"",""street_2"":""Res 3"",""street_number"":""4999"",""suburb"":""Munno Para""}"
518,2120,PWA,,City of Playford,4,Res 4,,,,5115,1096,residential,,,,Dowie Way,Res 4,4999,Munno Para,,"{""agreement"":""PWA"",""council"":""City of Playford"",""job_sequence"":4,""lot_label"":""Res 4"",""postcode"":""5115"",""project_number"":1096,""project_type"":""residential"",""street"":""Dowie Way"",""street_2"":""Res 4"",""street_number"":""4999"",""suburb"":""Munno Para""}"
519,2121,PWA,,City of Playford,5,Res 5,,,,5115,1096,residential,,,,Dowie Way,Res 5,4999,Munno Para,,"{""agreement"":""PWA"",""council"":""City of Playford"",""job_sequence"":5,""lot_label"":""Res 5"",""postcode"":""5115"",""project_number"":1096,""project_type"":""residential"",""street"":""Dowie Way"",""street_2"":""Res 5"",""street_number"":""4999"",""suburb"":""Munno Para""}"
520,2122,PWA,,City of Playford,6,Res 6,,,,5115,1096,residential,,,,Dowie Way,Res 6,4999,Munno Para,,"{""agreement"":""PWA"",""council"":""City of Playford"",""job_sequence"":6,""lot_label"":""Res 6"",""postcode"":""5115"",""project_number"":1096,""project_type"":""residential"",""street"":""Dowie Way"",""street_2"":""Res 6"",""street_number"":""4999"",""suburb"":""Munno Para""}"
521,2123,PWA,,City of Playford,7,Res 7,,,,5115,1096,residential,,,,Dowie Way,Res 7,4999,Munno Para,,"{""agreement"":""PWA"",""council"":""City of Playford"",""job_sequence"":7,""lot_label"":""Res 7"",""postcode"":""5115"",""project_number"":1096,""project_type"":""residential"",""street"":""Dowie Way"",""street_2"":""Res 7"",""street_number"":""4999"",""suburb"":""Munno Para""}"
522,2124,PWA,,City of Playford,8,Res 8,,,,5115,1096,residential,,,,Dowie Way,Res 8,4999,Munno Para,,"{""agreement"":""PWA"",""council"":""City of Playford"",""job_sequence"":8,""lot_label"":""Res 8"",""postcode"":""5115"",""project_number"":1096,""project_type"":""residential"",""street"":""Dowie Way"",""street_2"":""Res 8"",""street_number"":""4999"",""suburb"":""Munno Para""}"
523,2125,PWA,,City of Playford,9,Res 9,,,,5115,1096,residential,,,,Dowie Way,Res 9,4999,Munno Para,,"{""agreement"":""PWA"",""council"":""City of Playford"",""job_sequence"":9,""lot_label"":""Res 9"",""postcode"":""5115"",""project_number"":1096,""project_type"":""residential"",""street"":""Dowie Way"",""street_2"":""Res 9"",""street_number"":""4999"",""suburb"":""Munno Para""}"
524,2126,PWA,,City of Playford,10,Res 10,,,,5115,1096,residential,,,,Dowie Way,Res 10,4999,Munno Para,,"{""agreement"":""PWA"",""council"":""City of Playford"",""job_sequence"":10,""lot_label"":""Res 10"",""postcode"":""5115"",""project_number"":1096,""project_type"":""residential"",""street"":""Dowie Way"",""street_2"":""Res 10"",""street_number"":""4999"",""suburb"":""Munno Para""}"
525,2127,PWA,,City of Playford,11,Res 11,,,,5115,1096,residential,,,,Dowie Way,Res 11,4999,Munno Para,,"{""agreement"":""PWA"",""council"":""City of Playford"",""job_sequence"":11,""lot_label"":""Res 11"",""postcode"":""5115"",""project_number"":1096,""project_type"":""residential"",""street"":""Dowie Way"",""street_2"":""Res 11"",""street_number"":""4999"",""suburb"":""Munno Para""}"
526,2128,PWA,,City of Playford,12,Res 12,,,,5115,1096,residential,,,,Dowie Way,Res 12,4999,Munno Para,,"{""agreement"":""PWA"",""council"":""City of Playford"",""job_sequence"":12,""lot_label"":""Res 12"",""postcode"":""5115"",""project_number"":1096,""project_type"":""residential"",""street"":""Dowie Way"",""street_2"":""Res 12"",""street_number"":""4999"",""suburb"":""Munno Para""}"
527,2129,PWA,,City of Playford,13,Res 13,,,,5115,1096,residential,,,,Dowie Way,Res 13,4999,Munno Para,,"{""agreement"":""PWA"",""council"":""City of Playford"",""job_sequence"":13,""lot_label"":""Res 13"",""postcode"":""5115"",""project_number"":1096,""project_type"":""residential"",""street"":""Dowie Way"",""street_2"":""Res 13"",""street_number"":""4999"",""suburb"":""Munno Para""}"
528,2130,PWA,,City of Playford,14,Res 14,,,,5115,1096,residential,,,,Dowie Way,Res 14,4999,Munno Para,,"{""agreement"":""PWA"",""council"":""City of Playford"",""job_sequence"":14,""lot_label"":""Res 14"",""postcode"":""5115"",""project_number"":1096,""project_type"":""residential"",""street"":""Dowie Way"",""street_2"":""Res 14"",""street_number"":""4999"",""suburb"":""Munno Para""}"
529,2131,PWA,,City of Playford,15,Res 15,,,,5115,1096,residential,,,,Dowie Way,Res 15,4999,Munno Para,,"{""agreement"":""PWA"",""council"":""City of Playford"",""job_sequence"":15,""lot_label"":""Res 15"",""postcode"":""5115"",""project_number"":1096,""project_type"":""residential"",""street"":""Dowie Way"",""street_2"":""Res 15"",""street_number"":""4999"",""suburb"":""Munno Para""}"
530,2132,PWA,,City of Playford,16,Res 16,,,,5115,1096,residential,,,,Dowie Way,Res 16,4999,Munno Para,,"{""agreement"":""PWA"",""council"":""City of Playford"",""job_sequence"":16,""lot_label"":""Res 16"",""postcode"":""5115"",""project_number"":1096,""project_type"":""residential"",""street"":""Dowie Way"",""street_2"":""Res 16"",""street_number"":""4999"",""suburb"":""Munno Para""}"
531,2133,PWA,,City of Playford,17,Res 17,,,,5115,1096,residential,,,,Dowie Way,Res 17,4999,Munno Para,,"{""agreement"":""PWA"",""council"":""City of Playford"",""job_sequence"":17,""lot_label"":""Res 17"",""postcode"":""5115"",""project_number"":1096,""project_type"":""residential"",""street"":""Dowie Way"",""street_2"":""Res 17"",""street_number"":""4999"",""suburb"":""Munno Para""}"
532,2134,PWA,,City of Playford,18,Res 18,,,,5115,1096,residential,,,,Dowie Way,Res 18,4999,Munno Para,,"{""agreement"":""PWA"",""council"":""City of Playford"",""job_sequence"":18,""lot_label"":""Res 18"",""postcode"":""5115"",""project_number"":1096,""project_type"":""residential"",""street"":""Dowie Way"",""street_2"":""Res 18"",""street_number"":""4999"",""suburb"":""Munno Para""}"
533,2135,PWA,,City of Playford,19,Res 19,,,,5115,1096,residential,,,,Dowie Way,Res 19,4999,Munno Para,,"{""agreement"":""PWA"",""council"":""City of Playford"",""job_sequence"":19,""lot_label"":""Res 19"",""postcode"":""5115"",""project_number"":1096,""project_type"":""residential"",""street"":""Dowie Way"",""street_2"":""Res 19"",""street_number"":""4999"",""suburb"":""Munno Para""}"
534,2136,PWA,,City of Playford,20,Res 20,,,,5115,1096,residential,,,,Dowie Way,Res 20,4999,Munno Para,,"{""agreement"":""PWA"",""council"":""City of Playford"",""job_sequence"":20,""lot_label"":""Res 20"",""postcode"":""5115"",""project_number"":1096,""project_type"":""residential"",""street"":""Dowie Way"",""street_2"":""Res 20"",""street_number"":""4999"",""suburb"":""Munno Para""}"
535,2137,PWA,,City of Playford,21,Res 21,,,,5115,1096,residential,,,,Dowie Way,Res 21,4999,Munno Para,,"{""agreement"":""PWA"",""council"":""City of Playford"",""job_sequence"":21,""lot_label"":""Res 21"",""postcode"":""5115"",""project_number"":1096,""project_type"":""residential"",""street"":""Dowie Way"",""street_2"":""Res 21"",""street_number"":""4999"",""suburb"":""Munno Para""}"
536,2138,PWA,,City of Playford,22,Res 22,,,,5115,1096,residential,,,,Dowie Way,Res 22,4999,Munno Para,,"{""agreement"":""PWA"",""council"":""City of Playford"",""job_sequence"":22,""lot_label"":""Res 22"",""postcode"":""5115"",""project_number"":1096,""project_type"":""residential"",""street"":""Dowie Way"",""street_2"":""Res 22"",""street_number"":""4999"",""suburb"":""Munno Para""}"
537,2139,PWA,,City of Playford,23,Res 23,,,,5115,1096,residential,,,,Dowie Way,Res 23,4999,Munno Para,,"{""agreement"":""PWA"",""council"":""City of Playford"",""job_sequence"":23,""lot_label"":""Res 23"",""postcode"":""5115"",""project_number"":1096,""project_type"":""residential"",""street"":""Dowie Way"",""street_2"":""Res 23"",""street_number"":""4999"",""suburb"":""Munno Para""}"
538,2140,PWA,,City of Playford,24,Res 24,,,,5115,1096,residential,,,,Dowie Way,Res 24,4999,Munno Para,,"{""agreement"":""PWA"",""council"":""City of Playford"",""job_sequence"":24,""lot_label"":""Res 24"",""postcode"":""5115"",""project_number"":1096,""project_type"":""residential"",""street"":""Dowie Way"",""street_2"":""Res 24"",""street_number"":""4999"",""suburb"":""Munno Para""}"
539,2141,PWA,,City of Playford,25,Res 25,,,,5115,1096,residential,,,,Dowie Way,Res 25,4999,Munno Para,,"{""agreement"":""PWA"",""council"":""City of Playford"",""job_sequence"":25,""lot_label"":""Res 25"",""postcode"":""5115"",""project_number"":1096,""project_type"":""residential"",""street"":""Dowie Way"",""street_2"":""Res 25"",""street_number"":""4999"",""suburb"":""Munno Para""}"
540,2142,PWA,,City of Playford,26,Res 26,,,,5115,1096,residential,,,,Dowie Way,Res 26,4999,Munno Para,,"{""agreement"":""PWA"",""council"":""City of Playford"",""job_sequence"":26,""lot_label"":""Res 26"",""postcode"":""5115"",""project_number"":1096,""project_type"":""residential"",""street"":""Dowie Way"",""street_2"":""Res 26"",""street_number"":""4999"",""suburb"":""Munno Para""}"
541,2143,PWA,,City of Playford,27,Res 27,,,,5115,1096,residential,,,,Dowie Way,Res 27,4999,Munno Para,,"{""agreement"":""PWA"",""council"":""City of Playford"",""job_sequence"":27,""lot_label"":""Res 27"",""postcode"":""5115"",""project_number"":1096,""project_type"":""residential"",""street"":""Dowie Way"",""street_2"":""Res 27"",""street_number"":""4999"",""suburb"":""Munno Para""}"
542,2144,PWA,,City of Playford,28,Res 28,,,,5115,1096,residential,,,,Dowie Way,Res 28,4999,Munno Para,,"{""agreement"":""PWA"",""council"":""City of Playford"",""job_sequence"":28,""lot_label"":""Res 28"",""postcode"":""5115"",""project_number"":1096,""project_type"":""residential"",""street"":""Dowie Way"",""street_2"":""Res 28"",""street_number"":""4999"",""suburb"":""Munno Para""}"
543,2145,PWA,,City of Playford,29,Res 29,,,,5115,1096,residential,,,,Dowie Way,Res 29,4999,Munno Para,,"{""agreement"":""PWA"",""council"":""City of Playford"",""job_sequence"":29,""lot_label"":""Res 29"",""postcode"":""5115"",""project_number"":1096,""project_type"":""residential"",""street"":""Dowie Way"",""street_2"":""Res 29"",""street_number"":""4999"",""suburb"":""Munno Para""}"
544,2147,PWA,,City of Onkaparinga,1,Res 1,,,,5173,1097,residential,,,,Gordons St,Res 1,60&62,Aldinga Beach,,"{""agreement"":""PWA"",""council"":""City of Onkaparinga"",""job_sequence"":1,""lot_label"":""Res 1"",""postcode"":""5173"",""project_number"":1097,""project_type"":""residential"",""street"":""Gordons St"",""street_2"":""Res 1"",""street_number"":""60&62"",""suburb"":""Aldinga Beach""}"
545,2148,PWA,,City of Onkaparinga,2,Res 2,,,,5173,1097,residential,,,,Gordons St,Res 2,60&62,Aldinga Beach,,"{""agreement"":""PWA"",""council"":""City of Onkaparinga"",""job_sequence"":2,""lot_label"":""Res 2"",""postcode"":""5173"",""project_number"":1097,""project_type"":""residential"",""street"":""Gordons St"",""street_2"":""Res 2"",""street_number"":""60&62"",""suburb"":""Aldinga Beach""}"
546,2149,PWA,,City of Onkaparinga,3,Res 3,,,,5173,1097,residential,,,,Gordons St,Res 3,60&62,Aldinga Beach,,"{""agreement"":""PWA"",""council"":""City of Onkaparinga"",""job_sequence"":3,""lot_label"":""Res 3"",""postcode"":""5173"",""project_number"":1097,""project_type"":""residential"",""street"":""Gordons St"",""street_2"":""Res 3"",""street_number"":""60&62"",""suburb"":""Aldinga Beach""}"
547,2150,PWA,,City of Onkaparinga,4,Res 4,,,,5173,1097,residential,,,,Gordons St,Res 4,60&62,Aldinga Beach,,"{""agreement"":""PWA"",""council"":""City of Onkaparinga"",""job_sequence"":4,""lot_label"":""Res 4"",""postcode"":""5173"",""project_number"":1097,""project_type"":""residential"",""street"":""Gordons St"",""street_2"":""Res 4"",""street_number"":""60&62"",""suburb"":""Aldinga Beach""}"
548,2151,PWA,,City of Onkaparinga,1,Res 1,,['suburb recognised from the end of the street cell'],,5169,1098,residential,{'street': 'Nashwauk Cres Moana'},,,Nashwauk Cres,Res 1,17,Moana,,"{""agreement"":""PWA"",""council"":""City of Onkaparinga"",""job_sequence"":1,""lot_label"":""Res 1"",""notes"":[""suburb recognised from the end of the street cell""],""postcode"":""5169"",""project_number"":1098,""project_type"":""residential"",""respelled"":{""street"":""Nashwauk Cres Moana""},""street"":""Nashwauk Cres"",""street_2"":""Res 1"",""street_number"":""17"",""suburb"":""Moana""}"
549,2152,PWA,,City of Onkaparinga,2,Res 2,,['suburb recognised from the end of the street cell'],,5169,1098,residential,{'street': 'Nashwauk Cres Moana'},,,Nashwauk Cres,Res 2,17,Moana,,"{""agreement"":""PWA"",""council"":""City of Onkaparinga"",""job_sequence"":2,""lot_label"":""Res 2"",""notes"":[""suburb recognised from the end of the street cell""],""postcode"":""5169"",""project_number"":1098,""project_type"":""residential"",""respelled"":{""street"":""Nashwauk Cres Moana""},""street"":""Nashwauk Cres"",""street_2"":""Res 2"",""street_number"":""17"",""suburb"":""Moana""}"
550,2153,PWA,,City of Onkaparinga,3,Res 3,,['suburb recognised from the end of the street cell'],,5169,1098,residential,{'street': 'Nashwauk Cres Moana'},,,Nashwauk Cres,Res 3,17,Moana,,"{""agreement"":""PWA"",""council"":""City of Onkaparinga"",""job_sequence"":3,""lot_label"":""Res 3"",""notes"":[""suburb recognised from the end of the street cell""],""postcode"":""5169"",""project_number"":1098,""project_type"":""residential"",""respelled"":{""street"":""Nashwauk Cres Moana""},""street"":""Nashwauk Cres"",""street_2"":""Res 3"",""street_number"":""17"",""suburb"":""Moana""}"
551,2154,PWA,,City of Onkaparinga,1,Res 1,,,,5168,1099,residential,,,,Robinsons Rd,Res 1,7,Old Noarlunga,,"{""agreement"":""PWA"",""council"":""City of Onkaparinga"",""job_sequence"":1,""lot_label"":""Res 1"",""postcode"":""5168"",""project_number"":1099,""project_type"":""residential"",""street"":""Robinsons Rd"",""street_2"":""Res 1"",""street_number"":""7"",""suburb"":""Old Noarlunga""}"
552,2155,PWA,,City of Onkaparinga,2,Res 2,,,,5168,1099,residential,,,,Robinsons Rd,Res 2,7,Old Noarlunga,,"{""agreement"":""PWA"",""council"":""City of Onkaparinga"",""job_sequence"":2,""lot_label"":""Res 2"",""postcode"":""5168"",""project_number"":1099,""project_type"":""residential"",""street"":""Robinsons Rd"",""street_2"":""Res 2"",""street_number"":""7"",""suburb"":""Old Noarlunga""}"
553,2156,PWA,,City of Onkaparinga,3,Res 3,,,,5168,1099,residential,,,,Robinsons Rd,Res 3,7,Old Noarlunga,,"{""agreement"":""PWA"",""council"":""City of Onkaparinga"",""job_sequence"":3,""lot_label"":""Res 3"",""postcode"":""5168"",""project_number"":1099,""project_type"":""residential"",""street"":""Robinsons Rd"",""street_2"":""Res 3"",""street_number"":""7"",""suburb"":""Old Noarlunga""}"
554,2157,PWA,,City of Onkaparinga,4,Res 4,,,,5168,1099,residential,,,,Robinsons Rd,Res 4,7,Old Noarlunga,,"{""agreement"":""PWA"",""council"":""City of Onkaparinga"",""job_sequence"":4,""lot_label"":""Res 4"",""postcode"":""5168"",""project_number"":1099,""project_type"":""residential"",""street"":""Robinsons Rd"",""street_2"":""Res 4"",""street_number"":""7"",""suburb"":""Old Noarlunga""}"
555,2158,PWA,,City of Onkaparinga,5,Res 5,,,,5168,1099,residential,,,,Robinsons Rd,Res 5,7,Old Noarlunga,,"{""agreement"":""PWA"",""council"":""City of Onkaparinga"",""job_sequence"":5,""lot_label"":""Res 5"",""postcode"":""5168"",""project_number"":1099,""project_type"":""residential"",""street"":""Robinsons Rd"",""street_2"":""Res 5"",""street_number"":""7"",""suburb"":""Old Noarlunga""}"
556,2159,PWA,,City of Onkaparinga,6,Res 6,,,,5168,1099,residential,,,,Robinsons Rd,Res 6,7,Old Noarlunga,,"{""agreement"":""PWA"",""council"":""City of Onkaparinga"",""job_sequence"":6,""lot_label"":""Res 6"",""postcode"":""5168"",""project_number"":1099,""project_type"":""residential"",""street"":""Robinsons Rd"",""street_2"":""Res 6"",""street_number"":""7"",""suburb"":""Old Noarlunga""}"
557,2160,,,,1,,,,,,1100,residential,,no site address in the source,,,,,,,"{""job_sequence"":1,""project_number"":1100,""project_type"":""residential"",""skip_reason"":""no site address in the source""}"
558,2161,,,Rural City of Murray Bridge,1,Res 1,,,,5253,1101,residential,,,,"17-19, 21-23 Bremer Road",Res 1,13-15,Murray Bridge,,"{""council"":""Rural City of Murray Bridge"",""job_sequence"":1,""lot_label"":""Res 1"",""postcode"":""5253"",""project_number"":1101,""project_type"":""residential"",""street"":""17-19, 21-23 Bremer Road"",""street_2"":""Res 1"",""street_number"":""13-15"",""suburb"":""Murray Bridge""}"
559,2162,,,Rural City of Murray Bridge,2,Res 2,,,,5253,1101,residential,,,,"17-19, 21-23 Bremer Road",Res 2,13-15,Murray Bridge,,"{""council"":""Rural City of Murray Bridge"",""job_sequence"":2,""lot_label"":""Res 2"",""postcode"":""5253"",""project_number"":1101,""project_type"":""residential"",""street"":""17-19, 21-23 Bremer Road"",""street_2"":""Res 2"",""street_number"":""13-15"",""suburb"":""Murray Bridge""}"
560,2163,,,Rural City of Murray Bridge,3,Res 3,,,,5253,1101,residential,,,,"17-19, 21-23 Bremer Road",Res 3,13-15,Murray Bridge,,"{""council"":""Rural City of Murray Bridge"",""job_sequence"":3,""lot_label"":""Res 3"",""postcode"":""5253"",""project_number"":1101,""project_type"":""residential"",""street"":""17-19, 21-23 Bremer Road"",""street_2"":""Res 3"",""street_number"":""13-15"",""suburb"":""Murray Bridge""}"
561,2164,,,Rural City of Murray Bridge,4,Res 4,,,,5253,1101,residential,,,,"17-19, 21-23 Bremer Road",Res 4,13-15,Murray Bridge,,"{""council"":""Rural City of Murray Bridge"",""job_sequence"":4,""lot_label"":""Res 4"",""postcode"":""5253"",""project_number"":1101,""project_type"":""residential"",""street"":""17-19, 21-23 Bremer Road"",""street_2"":""Res 4"",""street_number"":""13-15"",""suburb"":""Murray Bridge""}"
562,2165,,,Rural City of Murray Bridge,5,Res 5,,,,5253,1101,residential,,,,"17-19, 21-23 Bremer Road",Res 5,13-15,Murray Bridge,,"{""council"":""Rural City of Murray Bridge"",""job_sequence"":5,""lot_label"":""Res 5"",""postcode"":""5253"",""project_number"":1101,""project_type"":""residential"",""street"":""17-19, 21-23 Bremer Road"",""street_2"":""Res 5"",""street_number"":""13-15"",""suburb"":""Murray Bridge""}"
563,2166,,,Rural City of Murray Bridge,6,Res 6,,,,5253,1101,residential,,,,"17-19, 21-23 Bremer Road",Res 6,13-15,Murray Bridge,,"{""council"":""Rural City of Murray Bridge"",""job_sequence"":6,""lot_label"":""Res 6"",""postcode"":""5253"",""project_number"":1101,""project_type"":""residential"",""street"":""17-19, 21-23 Bremer Road"",""street_2"":""Res 6"",""street_number"":""13-15"",""suburb"":""Murray Bridge""}"
564,2167,,,Rural City of Murray Bridge,7,Res 7,,,,5253,1101,residential,,,,"17-19, 21-23 Bremer Road",Res 7,13-15,Murray Bridge,,"{""council"":""Rural City of Murray Bridge"",""job_sequence"":7,""lot_label"":""Res 7"",""postcode"":""5253"",""project_number"":1101,""project_type"":""residential"",""street"":""17-19, 21-23 Bremer Road"",""street_2"":""Res 7"",""street_number"":""13-15"",""suburb"":""Murray Bridge""}"
565,2168,,,Rural City of Murray Bridge,8,Res 8,,,,5253,1101,residential,,,,"17-19, 21-23 Bremer Road",Res 8,13-15,Murray Bridge,,"{""council"":""Rural City of Murray Bridge"",""job_sequence"":8,""lot_label"":""Res 8"",""postcode"":""5253"",""project_number"":1101,""project_type"":""residential"",""street"":""17-19, 21-23 Bremer Road"",""street_2"":""Res 8"",""street_number"":""13-15"",""suburb"":""Murray Bridge""}"
566,2169,,,Rural City of Murray Bridge,9,Res 9,,,,5253,1101,residential,,,,"17-19, 21-23 Bremer Road",Res 9,13-15,Murray Bridge,,"{""council"":""Rural City of Murray Bridge"",""job_sequence"":9,""lot_label"":""Res 9"",""postcode"":""5253"",""project_number"":1101,""project_type"":""residential"",""street"":""17-19, 21-23 Bremer Road"",""street_2"":""Res 9"",""street_number"":""13-15"",""suburb"":""Murray Bridge""}"
567,2170,,,Rural City of Murray Bridge,10,Res 10,,,,5253,1101,residential,,,,"17-19, 21-23 Bremer Road",Res 10,13-15,Murray Bridge,,"{""council"":""Rural City of Murray Bridge"",""job_sequence"":10,""lot_label"":""Res 10"",""postcode"":""5253"",""project_number"":1101,""project_type"":""residential"",""street"":""17-19, 21-23 Bremer Road"",""street_2"":""Res 10"",""street_number"":""13-15"",""suburb"":""Murray Bridge""}"
568,2171,,,Rural City of Murray Bridge,11,Res 11,,,,5253,1101,residential,,,,"17-19, 21-23 Bremer Road",Res 11,13-15,Murray Bridge,,"{""council"":""Rural City of Murray Bridge"",""job_sequence"":11,""lot_label"":""Res 11"",""postcode"":""5253"",""project_number"":1101,""project_type"":""residential"",""street"":""17-19, 21-23 Bremer Road"",""street_2"":""Res 11"",""street_number"":""13-15"",""suburb"":""Murray Bridge""}"
569,2172,,,Rural City of Murray Bridge,12,Res 12,,,,5253,1101,residential,,,,"17-19, 21-23 Bremer Road",Res 12,13-15,Murray Bridge,,"{""council"":""Rural City of Murray Bridge"",""job_sequence"":12,""lot_label"":""Res 12"",""postcode"":""5253"",""project_number"":1101,""project_type"":""residential"",""street"":""17-19, 21-23 Bremer Road"",""street_2"":""Res 12"",""street_number"":""13-15"",""suburb"":""Murray Bridge""}"
570,2173,,,Rural City of Murray Bridge,13,Res 13,,,,5253,1101,residential,,,,"17-19, 21-23 Bremer Road",Res 13,13-15,Murray Bridge,,"{""council"":""Rural City of Murray Bridge"",""job_sequence"":13,""lot_label"":""Res 13"",""postcode"":""5253"",""project_number"":1101,""project_type"":""residential"",""street"":""17-19, 21-23 Bremer Road"",""street_2"":""Res 13"",""street_number"":""13-15"",""suburb"":""Murray Bridge""}"
571,2174,,,Rural City of Murray Bridge,14,Res 14,,,,5253,1101,residential,,,,"17-19, 21-23 Bremer Road",Res 14,13-15,Murray Bridge,,"{""council"":""Rural City of Murray Bridge"",""job_sequence"":14,""lot_label"":""Res 14"",""postcode"":""5253"",""project_number"":1101,""project_type"":""residential"",""street"":""17-19, 21-23 Bremer Road"",""street_2"":""Res 14"",""street_number"":""13-15"",""suburb"":""Murray Bridge""}"
572,2175,,,Rural City of Murray Bridge,15,Res 15,,,,5253,1101,residential,,,,"17-19, 21-23 Bremer Road",Res 15,13-15,Murray Bridge,,"{""council"":""Rural City of Murray Bridge"",""job_sequence"":15,""lot_label"":""Res 15"",""postcode"":""5253"",""project_number"":1101,""project_type"":""residential"",""street"":""17-19, 21-23 Bremer Road"",""street_2"":""Res 15"",""street_number"":""13-15"",""suburb"":""Murray Bridge""}"
573,2176,,,Rural City of Murray Bridge,16,Res 16,,,,5253,1101,residential,,,,"17-19, 21-23 Bremer Road",Res 16,13-15,Murray Bridge,,"{""council"":""Rural City of Murray Bridge"",""job_sequence"":16,""lot_label"":""Res 16"",""postcode"":""5253"",""project_number"":1101,""project_type"":""residential"",""street"":""17-19, 21-23 Bremer Road"",""street_2"":""Res 16"",""street_number"":""13-15"",""suburb"":""Murray Bridge""}"
574,2177,,,Rural City of Murray Bridge,17,Res 17,,,,5253,1101,residential,,,,"17-19, 21-23 Bremer Road",Res 17,13-15,Murray Bridge,,"{""council"":""Rural City of Murray Bridge"",""job_sequence"":17,""lot_label"":""Res 17"",""postcode"":""5253"",""project_number"":1101,""project_type"":""residential"",""street"":""17-19, 21-23 Bremer Road"",""street_2"":""Res 17"",""street_number"":""13-15"",""suburb"":""Murray Bridge""}"
575,2178,,,Rural City of Murray Bridge,18,Res 18,,,,5253,1101,residential,,,,"17-19, 21-23 Bremer Road",Res 18,13-15,Murray Bridge,,"{""council"":""Rural City of Murray Bridge"",""job_sequence"":18,""lot_label"":""Res 18"",""postcode"":""5253"",""project_number"":1101,""project_type"":""residential"",""street"":""17-19, 21-23 Bremer Road"",""street_2"":""Res 18"",""street_number"":""13-15"",""suburb"":""Murray Bridge""}"
576,2179,,,Rural City of Murray Bridge,19,Res 19,,,,5253,1101,residential,,,,"17-19, 21-23 Bremer Road",Res 19,13-15,Murray Bridge,,"{""council"":""Rural City of Murray Bridge"",""job_sequence"":19,""lot_label"":""Res 19"",""postcode"":""5253"",""project_number"":1101,""project_type"":""residential"",""street"":""17-19, 21-23 Bremer Road"",""street_2"":""Res 19"",""street_number"":""13-15"",""suburb"":""Murray Bridge""}"
577,2180,,,Rural City of Murray Bridge,20,Res 20,,,,5253,1101,residential,,,,"17-19, 21-23 Bremer Road",Res 20,13-15,Murray Bridge,,"{""council"":""Rural City of Murray Bridge"",""job_sequence"":20,""lot_label"":""Res 20"",""postcode"":""5253"",""project_number"":1101,""project_type"":""residential"",""street"":""17-19, 21-23 Bremer Road"",""street_2"":""Res 20"",""street_number"":""13-15"",""suburb"":""Murray Bridge""}"
578,2181,,,Rural City of Murray Bridge,21,Res 21,,,,5253,1101,residential,,,,"17-19, 21-23 Bremer Road",Res 21,13-15,Murray Bridge,,"{""council"":""Rural City of Murray Bridge"",""job_sequence"":21,""lot_label"":""Res 21"",""postcode"":""5253"",""project_number"":1101,""project_type"":""residential"",""street"":""17-19, 21-23 Bremer Road"",""street_2"":""Res 21"",""street_number"":""13-15"",""suburb"":""Murray Bridge""}"
579,2182,,,Rural City of Murray Bridge,22,Res 22,,,,5253,1101,residential,,,,"17-19, 21-23 Bremer Road",Res 22,13-15,Murray Bridge,,"{""council"":""Rural City of Murray Bridge"",""job_sequence"":22,""lot_label"":""Res 22"",""postcode"":""5253"",""project_number"":1101,""project_type"":""residential"",""street"":""17-19, 21-23 Bremer Road"",""street_2"":""Res 22"",""street_number"":""13-15"",""suburb"":""Murray Bridge""}"
580,2183,,,Rural City of Murray Bridge,23,Res 23,,,,5253,1101,residential,,,,"17-19, 21-23 Bremer Road",Res 23,13-15,Murray Bridge,,"{""council"":""Rural City of Murray Bridge"",""job_sequence"":23,""lot_label"":""Res 23"",""postcode"":""5253"",""project_number"":1101,""project_type"":""residential"",""street"":""17-19, 21-23 Bremer Road"",""street_2"":""Res 23"",""street_number"":""13-15"",""suburb"":""Murray Bridge""}"
581,2184,,,Rural City of Murray Bridge,24,Res 24,,,,5253,1101,residential,,,,"17-19, 21-23 Bremer Road",Res 24,13-15,Murray Bridge,,"{""council"":""Rural City of Murray Bridge"",""job_sequence"":24,""lot_label"":""Res 24"",""postcode"":""5253"",""project_number"":1101,""project_type"":""residential"",""street"":""17-19, 21-23 Bremer Road"",""street_2"":""Res 24"",""street_number"":""13-15"",""suburb"":""Murray Bridge""}"
582,2185,,,Rural City of Murray Bridge,25,Res 25,,,,5253,1101,residential,,,,"17-19, 21-23 Bremer Road",Res 25,13-15,Murray Bridge,,"{""council"":""Rural City of Murray Bridge"",""job_sequence"":25,""lot_label"":""Res 25"",""postcode"":""5253"",""project_number"":1101,""project_type"":""residential"",""street"":""17-19, 21-23 Bremer Road"",""street_2"":""Res 25"",""street_number"":""13-15"",""suburb"":""Murray Bridge""}"
583,2186,,,Rural City of Murray Bridge,26,Res 26,,,,5253,1101,residential,,,,"17-19, 21-23 Bremer Road",Res 26,13-15,Murray Bridge,,"{""council"":""Rural City of Murray Bridge"",""job_sequence"":26,""lot_label"":""Res 26"",""postcode"":""5253"",""project_number"":1101,""project_type"":""residential"",""street"":""17-19, 21-23 Bremer Road"",""street_2"":""Res 26"",""street_number"":""13-15"",""suburb"":""Murray Bridge""}"
584,2187,,,Rural City of Murray Bridge,27,Res 27,,,,5253,1101,residential,,,,"17-19, 21-23 Bremer Road",Res 27,13-15,Murray Bridge,,"{""council"":""Rural City of Murray Bridge"",""job_sequence"":27,""lot_label"":""Res 27"",""postcode"":""5253"",""project_number"":1101,""project_type"":""residential"",""street"":""17-19, 21-23 Bremer Road"",""street_2"":""Res 27"",""street_number"":""13-15"",""suburb"":""Murray Bridge""}"
585,2188,,,Rural City of Murray Bridge,28,Res 28,,,,5253,1101,residential,,,,"17-19, 21-23 Bremer Road",Res 28,13-15,Murray Bridge,,"{""council"":""Rural City of Murray Bridge"",""job_sequence"":28,""lot_label"":""Res 28"",""postcode"":""5253"",""project_number"":1101,""project_type"":""residential"",""street"":""17-19, 21-23 Bremer Road"",""street_2"":""Res 28"",""street_number"":""13-15"",""suburb"":""Murray Bridge""}"
586,2189,,,Rural City of Murray Bridge,29,Res 29,,,,5253,1101,residential,,,,"17-19, 21-23 Bremer Road",Res 29,13-15,Murray Bridge,,"{""council"":""Rural City of Murray Bridge"",""job_sequence"":29,""lot_label"":""Res 29"",""postcode"":""5253"",""project_number"":1101,""project_type"":""residential"",""street"":""17-19, 21-23 Bremer Road"",""street_2"":""Res 29"",""street_number"":""13-15"",""suburb"":""Murray Bridge""}"
587,2190,,,Rural City of Murray Bridge,30,Res 30,,,,5253,1101,residential,,,,"17-19, 21-23 Bremer Road",Res 30,13-15,Murray Bridge,,"{""council"":""Rural City of Murray Bridge"",""job_sequence"":30,""lot_label"":""Res 30"",""postcode"":""5253"",""project_number"":1101,""project_type"":""residential"",""street"":""17-19, 21-23 Bremer Road"",""street_2"":""Res 30"",""street_number"":""13-15"",""suburb"":""Murray Bridge""}"
588,2191,,,Rural City of Murray Bridge,31,Res 31,,,,5253,1101,residential,,,,"17-19, 21-23 Bremer Road",Res 31,13-15,Murray Bridge,,"{""council"":""Rural City of Murray Bridge"",""job_sequence"":31,""lot_label"":""Res 31"",""postcode"":""5253"",""project_number"":1101,""project_type"":""residential"",""street"":""17-19, 21-23 Bremer Road"",""street_2"":""Res 31"",""street_number"":""13-15"",""suburb"":""Murray Bridge""}"
589,2192,,,Rural City of Murray Bridge,32,Res 32,,,,5253,1101,residential,,,,"17-19, 21-23 Bremer Road",Res 32,13-15,Murray Bridge,,"{""council"":""Rural City of Murray Bridge"",""job_sequence"":32,""lot_label"":""Res 32"",""postcode"":""5253"",""project_number"":1101,""project_type"":""residential"",""street"":""17-19, 21-23 Bremer Road"",""street_2"":""Res 32"",""street_number"":""13-15"",""suburb"":""Murray Bridge""}"
590,2193,,,Rural City of Murray Bridge,33,Res 33,,,,5253,1101,residential,,,,"17-19, 21-23 Bremer Road",Res 33,13-15,Murray Bridge,,"{""council"":""Rural City of Murray Bridge"",""job_sequence"":33,""lot_label"":""Res 33"",""postcode"":""5253"",""project_number"":1101,""project_type"":""residential"",""street"":""17-19, 21-23 Bremer Road"",""street_2"":""Res 33"",""street_number"":""13-15"",""suburb"":""Murray Bridge""}"
591,2194,,,Rural City of Murray Bridge,34,Res 34,,,,5253,1101,residential,,,,"17-19, 21-23 Bremer Road",Res 34,13-15,Murray Bridge,,"{""council"":""Rural City of Murray Bridge"",""job_sequence"":34,""lot_label"":""Res 34"",""postcode"":""5253"",""project_number"":1101,""project_type"":""residential"",""street"":""17-19, 21-23 Bremer Road"",""street_2"":""Res 34"",""street_number"":""13-15"",""suburb"":""Murray Bridge""}"
592,2195,,,Rural City of Murray Bridge,35,Res 35,,,,5253,1101,residential,,,,"17-19, 21-23 Bremer Road",Res 35,13-15,Murray Bridge,,"{""council"":""Rural City of Murray Bridge"",""job_sequence"":35,""lot_label"":""Res 35"",""postcode"":""5253"",""project_number"":1101,""project_type"":""residential"",""street"":""17-19, 21-23 Bremer Road"",""street_2"":""Res 35"",""street_number"":""13-15"",""suburb"":""Murray Bridge""}"
593,2196,,,Rural City of Murray Bridge,36,Res 36,,,,5253,1101,residential,,,,"17-19, 21-23 Bremer Road",Res 36,13-15,Murray Bridge,,"{""council"":""Rural City of Murray Bridge"",""job_sequence"":36,""lot_label"":""Res 36"",""postcode"":""5253"",""project_number"":1101,""project_type"":""residential"",""street"":""17-19, 21-23 Bremer Road"",""street_2"":""Res 36"",""street_number"":""13-15"",""suburb"":""Murray Bridge""}"
594,2197,,,Rural City of Murray Bridge,37,Res 37,,,,5253,1101,residential,,,,"17-19, 21-23 Bremer Road",Res 37,13-15,Murray Bridge,,"{""council"":""Rural City of Murray Bridge"",""job_sequence"":37,""lot_label"":""Res 37"",""postcode"":""5253"",""project_number"":1101,""project_type"":""residential"",""street"":""17-19, 21-23 Bremer Road"",""street_2"":""Res 37"",""street_number"":""13-15"",""suburb"":""Murray Bridge""}"
595,2198,,,Rural City of Murray Bridge,38,Res 38,,,,5253,1101,residential,,,,"17-19, 21-23 Bremer Road",Res 38,13-15,Murray Bridge,,"{""council"":""Rural City of Murray Bridge"",""job_sequence"":38,""lot_label"":""Res 38"",""postcode"":""5253"",""project_number"":1101,""project_type"":""residential"",""street"":""17-19, 21-23 Bremer Road"",""street_2"":""Res 38"",""street_number"":""13-15"",""suburb"":""Murray Bridge""}"
596,2199,,,Rural City of Murray Bridge,39,Res 39,,,,5253,1101,residential,,,,"17-19, 21-23 Bremer Road",Res 39,13-15,Murray Bridge,,"{""council"":""Rural City of Murray Bridge"",""job_sequence"":39,""lot_label"":""Res 39"",""postcode"":""5253"",""project_number"":1101,""project_type"":""residential"",""street"":""17-19, 21-23 Bremer Road"",""street_2"":""Res 39"",""street_number"":""13-15"",""suburb"":""Murray Bridge""}"
597,2200,,,Rural City of Murray Bridge,40,Res 40,,,,5253,1101,residential,,,,"17-19, 21-23 Bremer Road",Res 40,13-15,Murray Bridge,,"{""council"":""Rural City of Murray Bridge"",""job_sequence"":40,""lot_label"":""Res 40"",""postcode"":""5253"",""project_number"":1101,""project_type"":""residential"",""street"":""17-19, 21-23 Bremer Road"",""street_2"":""Res 40"",""street_number"":""13-15"",""suburb"":""Murray Bridge""}"
598,2201,,,Rural City of Murray Bridge,41,Res 41,,,,5253,1101,residential,,,,"17-19, 21-23 Bremer Road",Res 41,13-15,Murray Bridge,,"{""council"":""Rural City of Murray Bridge"",""job_sequence"":41,""lot_label"":""Res 41"",""postcode"":""5253"",""project_number"":1101,""project_type"":""residential"",""street"":""17-19, 21-23 Bremer Road"",""street_2"":""Res 41"",""street_number"":""13-15"",""suburb"":""Murray Bridge""}"
599,2202,,,Rural City of Murray Bridge,42,Res 42,,,,5253,1101,residential,,,,"17-19, 21-23 Bremer Road",Res 42,13-15,Murray Bridge,,"{""council"":""Rural City of Murray Bridge"",""job_sequence"":42,""lot_label"":""Res 42"",""postcode"":""5253"",""project_number"":1101,""project_type"":""residential"",""street"":""17-19, 21-23 Bremer Road"",""street_2"":""Res 42"",""street_number"":""13-15"",""suburb"":""Murray Bridge""}"
600,2203,,,Rural City of Murray Bridge,43,Res 43,,,,5253,1101,residential,,,,"17-19, 21-23 Bremer Road",Res 43,13-15,Murray Bridge,,"{""council"":""Rural City of Murray Bridge"",""job_sequence"":43,""lot_label"":""Res 43"",""postcode"":""5253"",""project_number"":1101,""project_type"":""residential"",""street"":""17-19, 21-23 Bremer Road"",""street_2"":""Res 43"",""street_number"":""13-15"",""suburb"":""Murray Bridge""}"
601,2204,,,Rural City of Murray Bridge,44,Res 44,,,,5253,1101,residential,,,,"17-19, 21-23 Bremer Road",Res 44,13-15,Murray Bridge,,"{""council"":""Rural City of Murray Bridge"",""job_sequence"":44,""lot_label"":""Res 44"",""postcode"":""5253"",""project_number"":1101,""project_type"":""residential"",""street"":""17-19, 21-23 Bremer Road"",""street_2"":""Res 44"",""street_number"":""13-15"",""suburb"":""Murray Bridge""}"
602,2205,,,Rural City of Murray Bridge,45,Res 45,,,,5253,1101,residential,,,,"17-19, 21-23 Bremer Road",Res 45,13-15,Murray Bridge,,"{""council"":""Rural City of Murray Bridge"",""job_sequence"":45,""lot_label"":""Res 45"",""postcode"":""5253"",""project_number"":1101,""project_type"":""residential"",""street"":""17-19, 21-23 Bremer Road"",""street_2"":""Res 45"",""street_number"":""13-15"",""suburb"":""Murray Bridge""}"
603,2206,,,Rural City of Murray Bridge,46,Res 46,,,,5253,1101,residential,,,,"17-19, 21-23 Bremer Road",Res 46,13-15,Murray Bridge,,"{""council"":""Rural City of Murray Bridge"",""job_sequence"":46,""lot_label"":""Res 46"",""postcode"":""5253"",""project_number"":1101,""project_type"":""residential"",""street"":""17-19, 21-23 Bremer Road"",""street_2"":""Res 46"",""street_number"":""13-15"",""suburb"":""Murray Bridge""}"
604,2207,,,Rural City of Murray Bridge,47,Res 47,,,,5253,1101,residential,,,,"17-19, 21-23 Bremer Road",Res 47,13-15,Murray Bridge,,"{""council"":""Rural City of Murray Bridge"",""job_sequence"":47,""lot_label"":""Res 47"",""postcode"":""5253"",""project_number"":1101,""project_type"":""residential"",""street"":""17-19, 21-23 Bremer Road"",""street_2"":""Res 47"",""street_number"":""13-15"",""suburb"":""Murray Bridge""}"
605,2208,,,Rural City of Murray Bridge,48,Res 48,,,,5253,1101,residential,,,,"17-19, 21-23 Bremer Road",Res 48,13-15,Murray Bridge,,"{""council"":""Rural City of Murray Bridge"",""job_sequence"":48,""lot_label"":""Res 48"",""postcode"":""5253"",""project_number"":1101,""project_type"":""residential"",""street"":""17-19, 21-23 Bremer Road"",""street_2"":""Res 48"",""street_number"":""13-15"",""suburb"":""Murray Bridge""}"
606,2209,,,Rural City of Murray Bridge,49,Res 49,,,,5253,1101,residential,,,,"17-19, 21-23 Bremer Road",Res 49,13-15,Murray Bridge,,"{""council"":""Rural City of Murray Bridge"",""job_sequence"":49,""lot_label"":""Res 49"",""postcode"":""5253"",""project_number"":1101,""project_type"":""residential"",""street"":""17-19, 21-23 Bremer Road"",""street_2"":""Res 49"",""street_number"":""13-15"",""suburb"":""Murray Bridge""}"
607,2210,,,Rural City of Murray Bridge,50,Res 50,,,,5253,1101,residential,,,,"17-19, 21-23 Bremer Road",Res 50,13-15,Murray Bridge,,"{""council"":""Rural City of Murray Bridge"",""job_sequence"":50,""lot_label"":""Res 50"",""postcode"":""5253"",""project_number"":1101,""project_type"":""residential"",""street"":""17-19, 21-23 Bremer Road"",""street_2"":""Res 50"",""street_number"":""13-15"",""suburb"":""Murray Bridge""}"
608,2211,,,Rural City of Murray Bridge,51,Res 51,,,,5253,1101,residential,,,,"17-19, 21-23 Bremer Road",Res 51,13-15,Murray Bridge,,"{""council"":""Rural City of Murray Bridge"",""job_sequence"":51,""lot_label"":""Res 51"",""postcode"":""5253"",""project_number"":1101,""project_type"":""residential"",""street"":""17-19, 21-23 Bremer Road"",""street_2"":""Res 51"",""street_number"":""13-15"",""suburb"":""Murray Bridge""}"
609,2212,,,Rural City of Murray Bridge,52,Res 52,,,,5253,1101,residential,,,,"17-19, 21-23 Bremer Road",Res 52,13-15,Murray Bridge,,"{""council"":""Rural City of Murray Bridge"",""job_sequence"":52,""lot_label"":""Res 52"",""postcode"":""5253"",""project_number"":1101,""project_type"":""residential"",""street"":""17-19, 21-23 Bremer Road"",""street_2"":""Res 52"",""street_number"":""13-15"",""suburb"":""Murray Bridge""}"
610,2213,,,Rural City of Murray Bridge,53,Res 53,,,,5253,1101,residential,,,,"17-19, 21-23 Bremer Road",Res 53,13-15,Murray Bridge,,"{""council"":""Rural City of Murray Bridge"",""job_sequence"":53,""lot_label"":""Res 53"",""postcode"":""5253"",""project_number"":1101,""project_type"":""residential"",""street"":""17-19, 21-23 Bremer Road"",""street_2"":""Res 53"",""street_number"":""13-15"",""suburb"":""Murray Bridge""}"
611,2214,,,Rural City of Murray Bridge,54,Res 54,,,,5253,1101,residential,,,,"17-19, 21-23 Bremer Road",Res 54,13-15,Murray Bridge,,"{""council"":""Rural City of Murray Bridge"",""job_sequence"":54,""lot_label"":""Res 54"",""postcode"":""5253"",""project_number"":1101,""project_type"":""residential"",""street"":""17-19, 21-23 Bremer Road"",""street_2"":""Res 54"",""street_number"":""13-15"",""suburb"":""Murray Bridge""}"
612,2215,,,Rural City of Murray Bridge,55,Res 55,,,,5253,1101,residential,,,,"17-19, 21-23 Bremer Road",Res 55,13-15,Murray Bridge,,"{""council"":""Rural City of Murray Bridge"",""job_sequence"":55,""lot_label"":""Res 55"",""postcode"":""5253"",""project_number"":1101,""project_type"":""residential"",""street"":""17-19, 21-23 Bremer Road"",""street_2"":""Res 55"",""street_number"":""13-15"",""suburb"":""Murray Bridge""}"
613,2216,,,Rural City of Murray Bridge,56,Res 56,,,,5253,1101,residential,,,,"17-19, 21-23 Bremer Road",Res 56,13-15,Murray Bridge,,"{""council"":""Rural City of Murray Bridge"",""job_sequence"":56,""lot_label"":""Res 56"",""postcode"":""5253"",""project_number"":1101,""project_type"":""residential"",""street"":""17-19, 21-23 Bremer Road"",""street_2"":""Res 56"",""street_number"":""13-15"",""suburb"":""Murray Bridge""}"
614,2217,,,Rural City of Murray Bridge,57,Res 57,,,,5253,1101,residential,,,,"17-19, 21-23 Bremer Road",Res 57,13-15,Murray Bridge,,"{""council"":""Rural City of Murray Bridge"",""job_sequence"":57,""lot_label"":""Res 57"",""postcode"":""5253"",""project_number"":1101,""project_type"":""residential"",""street"":""17-19, 21-23 Bremer Road"",""street_2"":""Res 57"",""street_number"":""13-15"",""suburb"":""Murray Bridge""}"
615,2218,,,Rural City of Murray Bridge,58,Res 58,,,,5253,1101,residential,,,,"17-19, 21-23 Bremer Road",Res 58,13-15,Murray Bridge,,"{""council"":""Rural City of Murray Bridge"",""job_sequence"":58,""lot_label"":""Res 58"",""postcode"":""5253"",""project_number"":1101,""project_type"":""residential"",""street"":""17-19, 21-23 Bremer Road"",""street_2"":""Res 58"",""street_number"":""13-15"",""suburb"":""Murray Bridge""}"
616,2219,,,Rural City of Murray Bridge,59,Res 59,,,,5253,1101,residential,,,,"17-19, 21-23 Bremer Road",Res 59,13-15,Murray Bridge,,"{""council"":""Rural City of Murray Bridge"",""job_sequence"":59,""lot_label"":""Res 59"",""postcode"":""5253"",""project_number"":1101,""project_type"":""residential"",""street"":""17-19, 21-23 Bremer Road"",""street_2"":""Res 59"",""street_number"":""13-15"",""suburb"":""Murray Bridge""}"
617,2220,,,Rural City of Murray Bridge,60,Res 60,,,,5253,1101,residential,,,,"17-19, 21-23 Bremer Road",Res 60,13-15,Murray Bridge,,"{""council"":""Rural City of Murray Bridge"",""job_sequence"":60,""lot_label"":""Res 60"",""postcode"":""5253"",""project_number"":1101,""project_type"":""residential"",""street"":""17-19, 21-23 Bremer Road"",""street_2"":""Res 60"",""street_number"":""13-15"",""suburb"":""Murray Bridge""}"
618,2221,,,Rural City of Murray Bridge,61,Res 61,,,,5253,1101,residential,,,,"17-19, 21-23 Bremer Road",Res 61,13-15,Murray Bridge,,"{""council"":""Rural City of Murray Bridge"",""job_sequence"":61,""lot_label"":""Res 61"",""postcode"":""5253"",""project_number"":1101,""project_type"":""residential"",""street"":""17-19, 21-23 Bremer Road"",""street_2"":""Res 61"",""street_number"":""13-15"",""suburb"":""Murray Bridge""}"
619,2222,,,Rural City of Murray Bridge,62,Res 62,,,,5253,1101,residential,,,,"17-19, 21-23 Bremer Road",Res 62,13-15,Murray Bridge,,"{""council"":""Rural City of Murray Bridge"",""job_sequence"":62,""lot_label"":""Res 62"",""postcode"":""5253"",""project_number"":1101,""project_type"":""residential"",""street"":""17-19, 21-23 Bremer Road"",""street_2"":""Res 62"",""street_number"":""13-15"",""suburb"":""Murray Bridge""}"
620,2223,,,Rural City of Murray Bridge,63,Res 63,,,,5253,1101,residential,,,,"17-19, 21-23 Bremer Road",Res 63,13-15,Murray Bridge,,"{""council"":""Rural City of Murray Bridge"",""job_sequence"":63,""lot_label"":""Res 63"",""postcode"":""5253"",""project_number"":1101,""project_type"":""residential"",""street"":""17-19, 21-23 Bremer Road"",""street_2"":""Res 63"",""street_number"":""13-15"",""suburb"":""Murray Bridge""}"
621,2224,,,Rural City of Murray Bridge,64,Res 64,,,,5253,1101,residential,,,,"17-19, 21-23 Bremer Road",Res 64,13-15,Murray Bridge,,"{""council"":""Rural City of Murray Bridge"",""job_sequence"":64,""lot_label"":""Res 64"",""postcode"":""5253"",""project_number"":1101,""project_type"":""residential"",""street"":""17-19, 21-23 Bremer Road"",""street_2"":""Res 64"",""street_number"":""13-15"",""suburb"":""Murray Bridge""}"
622,2225,,,Rural City of Murray Bridge,65,Res 65,,,,5253,1101,residential,,,,"17-19, 21-23 Bremer Road",Res 65,13-15,Murray Bridge,,"{""council"":""Rural City of Murray Bridge"",""job_sequence"":65,""lot_label"":""Res 65"",""postcode"":""5253"",""project_number"":1101,""project_type"":""residential"",""street"":""17-19, 21-23 Bremer Road"",""street_2"":""Res 65"",""street_number"":""13-15"",""suburb"":""Murray Bridge""}"
623,2226,,,Rural City of Murray Bridge,66,Res 66,,,,5253,1101,residential,,,,"17-19, 21-23 Bremer Road",Res 66,13-15,Murray Bridge,,"{""council"":""Rural City of Murray Bridge"",""job_sequence"":66,""lot_label"":""Res 66"",""postcode"":""5253"",""project_number"":1101,""project_type"":""residential"",""street"":""17-19, 21-23 Bremer Road"",""street_2"":""Res 66"",""street_number"":""13-15"",""suburb"":""Murray Bridge""}"
624,2227,,,Rural City of Murray Bridge,67,Res 67,,,,5253,1101,residential,,,,"17-19, 21-23 Bremer Road",Res 67,13-15,Murray Bridge,,"{""council"":""Rural City of Murray Bridge"",""job_sequence"":67,""lot_label"":""Res 67"",""postcode"":""5253"",""project_number"":1101,""project_type"":""residential"",""street"":""17-19, 21-23 Bremer Road"",""street_2"":""Res 67"",""street_number"":""13-15"",""suburb"":""Murray Bridge""}"
625,2228,,,Rural City of Murray Bridge,68,Res 68,,,,5253,1101,residential,,,,"17-19, 21-23 Bremer Road",Res 68,13-15,Murray Bridge,,"{""council"":""Rural City of Murray Bridge"",""job_sequence"":68,""lot_label"":""Res 68"",""postcode"":""5253"",""project_number"":1101,""project_type"":""residential"",""street"":""17-19, 21-23 Bremer Road"",""street_2"":""Res 68"",""street_number"":""13-15"",""suburb"":""Murray Bridge""}"
626,2229,,,Rural City of Murray Bridge,69,Res 69,,,,5253,1101,residential,,,,"17-19, 21-23 Bremer Road",Res 69,13-15,Murray Bridge,,"{""council"":""Rural City of Murray Bridge"",""job_sequence"":69,""lot_label"":""Res 69"",""postcode"":""5253"",""project_number"":1101,""project_type"":""residential"",""street"":""17-19, 21-23 Bremer Road"",""street_2"":""Res 69"",""street_number"":""13-15"",""suburb"":""Murray Bridge""}"
627,2230,,,Rural City of Murray Bridge,70,Res 70,,,,5253,1101,residential,,,,"17-19, 21-23 Bremer Road",Res 70,13-15,Murray Bridge,,"{""council"":""Rural City of Murray Bridge"",""job_sequence"":70,""lot_label"":""Res 70"",""postcode"":""5253"",""project_number"":1101,""project_type"":""residential"",""street"":""17-19, 21-23 Bremer Road"",""street_2"":""Res 70"",""street_number"":""13-15"",""suburb"":""Murray Bridge""}"
628,2231,,,Rural City of Murray Bridge,71,Res 71,,,,5253,1101,residential,,,,"17-19, 21-23 Bremer Road",Res 71,13-15,Murray Bridge,,"{""council"":""Rural City of Murray Bridge"",""job_sequence"":71,""lot_label"":""Res 71"",""postcode"":""5253"",""project_number"":1101,""project_type"":""residential"",""street"":""17-19, 21-23 Bremer Road"",""street_2"":""Res 71"",""street_number"":""13-15"",""suburb"":""Murray Bridge""}"
629,2232,,,Rural City of Murray Bridge,72,Res 72,,,,5253,1101,residential,,,,"17-19, 21-23 Bremer Road",Res 72,13-15,Murray Bridge,,"{""council"":""Rural City of Murray Bridge"",""job_sequence"":72,""lot_label"":""Res 72"",""postcode"":""5253"",""project_number"":1101,""project_type"":""residential"",""street"":""17-19, 21-23 Bremer Road"",""street_2"":""Res 72"",""street_number"":""13-15"",""suburb"":""Murray Bridge""}"
630,2233,,,Rural City of Murray Bridge,73,Res 73,,,,5253,1101,residential,,,,"17-19, 21-23 Bremer Road",Res 73,13-15,Murray Bridge,,"{""council"":""Rural City of Murray Bridge"",""job_sequence"":73,""lot_label"":""Res 73"",""postcode"":""5253"",""project_number"":1101,""project_type"":""residential"",""street"":""17-19, 21-23 Bremer Road"",""street_2"":""Res 73"",""street_number"":""13-15"",""suburb"":""Murray Bridge""}"
631,2234,,,Rural City of Murray Bridge,74,Res 74,,,,5253,1101,residential,,,,"17-19, 21-23 Bremer Road",Res 74,13-15,Murray Bridge,,"{""council"":""Rural City of Murray Bridge"",""job_sequence"":74,""lot_label"":""Res 74"",""postcode"":""5253"",""project_number"":1101,""project_type"":""residential"",""street"":""17-19, 21-23 Bremer Road"",""street_2"":""Res 74"",""street_number"":""13-15"",""suburb"":""Murray Bridge""}"
632,2235,,,Rural City of Murray Bridge,75,Res 75,,,,5253,1101,residential,,,,"17-19, 21-23 Bremer Road",Res 75,13-15,Murray Bridge,,"{""council"":""Rural City of Murray Bridge"",""job_sequence"":75,""lot_label"":""Res 75"",""postcode"":""5253"",""project_number"":1101,""project_type"":""residential"",""street"":""17-19, 21-23 Bremer Road"",""street_2"":""Res 75"",""street_number"":""13-15"",""suburb"":""Murray Bridge""}"
633,2236,,,Rural City of Murray Bridge,76,Res 76,,,,5253,1101,residential,,,,"17-19, 21-23 Bremer Road",Res 76,13-15,Murray Bridge,,"{""council"":""Rural City of Murray Bridge"",""job_sequence"":76,""lot_label"":""Res 76"",""postcode"":""5253"",""project_number"":1101,""project_type"":""residential"",""street"":""17-19, 21-23 Bremer Road"",""street_2"":""Res 76"",""street_number"":""13-15"",""suburb"":""Murray Bridge""}"
634,2237,,,Rural City of Murray Bridge,77,Res 77,,,,5253,1101,residential,,,,"17-19, 21-23 Bremer Road",Res 77,13-15,Murray Bridge,,"{""council"":""Rural City of Murray Bridge"",""job_sequence"":77,""lot_label"":""Res 77"",""postcode"":""5253"",""project_number"":1101,""project_type"":""residential"",""street"":""17-19, 21-23 Bremer Road"",""street_2"":""Res 77"",""street_number"":""13-15"",""suburb"":""Murray Bridge""}"
635,2238,,,Rural City of Murray Bridge,78,Res 78,,,,5253,1101,residential,,,,"17-19, 21-23 Bremer Road",Res 78,13-15,Murray Bridge,,"{""council"":""Rural City of Murray Bridge"",""job_sequence"":78,""lot_label"":""Res 78"",""postcode"":""5253"",""project_number"":1101,""project_type"":""residential"",""street"":""17-19, 21-23 Bremer Road"",""street_2"":""Res 78"",""street_number"":""13-15"",""suburb"":""Murray Bridge""}"
636,2239,,,Rural City of Murray Bridge,79,Res 79,,,,5253,1101,residential,,,,"17-19, 21-23 Bremer Road",Res 79,13-15,Murray Bridge,,"{""council"":""Rural City of Murray Bridge"",""job_sequence"":79,""lot_label"":""Res 79"",""postcode"":""5253"",""project_number"":1101,""project_type"":""residential"",""street"":""17-19, 21-23 Bremer Road"",""street_2"":""Res 79"",""street_number"":""13-15"",""suburb"":""Murray Bridge""}"
637,2240,,,Rural City of Murray Bridge,80,Res 80,,,,5253,1101,residential,,,,"17-19, 21-23 Bremer Road",Res 80,13-15,Murray Bridge,,"{""council"":""Rural City of Murray Bridge"",""job_sequence"":80,""lot_label"":""Res 80"",""postcode"":""5253"",""project_number"":1101,""project_type"":""residential"",""street"":""17-19, 21-23 Bremer Road"",""street_2"":""Res 80"",""street_number"":""13-15"",""suburb"":""Murray Bridge""}"
638,2241,,,Rural City of Murray Bridge,81,Res 81,,,,5253,1101,residential,,,,"17-19, 21-23 Bremer Road",Res 81,13-15,Murray Bridge,,"{""council"":""Rural City of Murray Bridge"",""job_sequence"":81,""lot_label"":""Res 81"",""postcode"":""5253"",""project_number"":1101,""project_type"":""residential"",""street"":""17-19, 21-23 Bremer Road"",""street_2"":""Res 81"",""street_number"":""13-15"",""suburb"":""Murray Bridge""}"
639,2242,,,Rural City of Murray Bridge,82,Res 82,,,,5253,1101,residential,,,,"17-19, 21-23 Bremer Road",Res 82,13-15,Murray Bridge,,"{""council"":""Rural City of Murray Bridge"",""job_sequence"":82,""lot_label"":""Res 82"",""postcode"":""5253"",""project_number"":1101,""project_type"":""residential"",""street"":""17-19, 21-23 Bremer Road"",""street_2"":""Res 82"",""street_number"":""13-15"",""suburb"":""Murray Bridge""}"
640,2243,,,Rural City of Murray Bridge,83,Res 83,,,,5253,1101,residential,,,,"17-19, 21-23 Bremer Road",Res 83,13-15,Murray Bridge,,"{""council"":""Rural City of Murray Bridge"",""job_sequence"":83,""lot_label"":""Res 83"",""postcode"":""5253"",""project_number"":1101,""project_type"":""residential"",""street"":""17-19, 21-23 Bremer Road"",""street_2"":""Res 83"",""street_number"":""13-15"",""suburb"":""Murray Bridge""}"
641,2244,,,Rural City of Murray Bridge,84,Res 84,,,,5253,1101,residential,,,,"17-19, 21-23 Bremer Road",Res 84,13-15,Murray Bridge,,"{""council"":""Rural City of Murray Bridge"",""job_sequence"":84,""lot_label"":""Res 84"",""postcode"":""5253"",""project_number"":1101,""project_type"":""residential"",""street"":""17-19, 21-23 Bremer Road"",""street_2"":""Res 84"",""street_number"":""13-15"",""suburb"":""Murray Bridge""}"
642,2245,,,Rural City of Murray Bridge,85,Res 85,,,,5253,1101,residential,,,,"17-19, 21-23 Bremer Road",Res 85,13-15,Murray Bridge,,"{""council"":""Rural City of Murray Bridge"",""job_sequence"":85,""lot_label"":""Res 85"",""postcode"":""5253"",""project_number"":1101,""project_type"":""residential"",""street"":""17-19, 21-23 Bremer Road"",""street_2"":""Res 85"",""street_number"":""13-15"",""suburb"":""Murray Bridge""}"
643,2246,,,Rural City of Murray Bridge,86,Res 86,,,,5253,1101,residential,,,,"17-19, 21-23 Bremer Road",Res 86,13-15,Murray Bridge,,"{""council"":""Rural City of Murray Bridge"",""job_sequence"":86,""lot_label"":""Res 86"",""postcode"":""5253"",""project_number"":1101,""project_type"":""residential"",""street"":""17-19, 21-23 Bremer Road"",""street_2"":""Res 86"",""street_number"":""13-15"",""suburb"":""Murray Bridge""}"
644,2247,,,Rural City of Murray Bridge,87,Res 87,,,,5253,1101,residential,,,,"17-19, 21-23 Bremer Road",Res 87,13-15,Murray Bridge,,"{""council"":""Rural City of Murray Bridge"",""job_sequence"":87,""lot_label"":""Res 87"",""postcode"":""5253"",""project_number"":1101,""project_type"":""residential"",""street"":""17-19, 21-23 Bremer Road"",""street_2"":""Res 87"",""street_number"":""13-15"",""suburb"":""Murray Bridge""}"
645,2248,,,Rural City of Murray Bridge,88,Res 88,,,,5253,1101,residential,,,,"17-19, 21-23 Bremer Road",Res 88,13-15,Murray Bridge,,"{""council"":""Rural City of Murray Bridge"",""job_sequence"":88,""lot_label"":""Res 88"",""postcode"":""5253"",""project_number"":1101,""project_type"":""residential"",""street"":""17-19, 21-23 Bremer Road"",""street_2"":""Res 88"",""street_number"":""13-15"",""suburb"":""Murray Bridge""}"
646,2249,,,Rural City of Murray Bridge,89,Res 89,,,,5253,1101,residential,,,,"17-19, 21-23 Bremer Road",Res 89,13-15,Murray Bridge,,"{""council"":""Rural City of Murray Bridge"",""job_sequence"":89,""lot_label"":""Res 89"",""postcode"":""5253"",""project_number"":1101,""project_type"":""residential"",""street"":""17-19, 21-23 Bremer Road"",""street_2"":""Res 89"",""street_number"":""13-15"",""suburb"":""Murray Bridge""}"
647,2250,,,Rural City of Murray Bridge,90,Res 90,,,,5253,1101,residential,,,,"17-19, 21-23 Bremer Road",Res 90,13-15,Murray Bridge,,"{""council"":""Rural City of Murray Bridge"",""job_sequence"":90,""lot_label"":""Res 90"",""postcode"":""5253"",""project_number"":1101,""project_type"":""residential"",""street"":""17-19, 21-23 Bremer Road"",""street_2"":""Res 90"",""street_number"":""13-15"",""suburb"":""Murray Bridge""}"
648,2251,,,Rural City of Murray Bridge,91,Res 91,,,,5253,1101,residential,,,,"17-19, 21-23 Bremer Road",Res 91,13-15,Murray Bridge,,"{""council"":""Rural City of Murray Bridge"",""job_sequence"":91,""lot_label"":""Res 91"",""postcode"":""5253"",""project_number"":1101,""project_type"":""residential"",""street"":""17-19, 21-23 Bremer Road"",""street_2"":""Res 91"",""street_number"":""13-15"",""suburb"":""Murray Bridge""}"
649,2252,,,Rural City of Murray Bridge,92,Res 92,,,,5253,1101,residential,,,,"17-19, 21-23 Bremer Road",Res 92,13-15,Murray Bridge,,"{""council"":""Rural City of Murray Bridge"",""job_sequence"":92,""lot_label"":""Res 92"",""postcode"":""5253"",""project_number"":1101,""project_type"":""residential"",""street"":""17-19, 21-23 Bremer Road"",""street_2"":""Res 92"",""street_number"":""13-15"",""suburb"":""Murray Bridge""}"
650,2253,,,Rural City of Murray Bridge,93,Res 93,,,,5253,1101,residential,,,,"17-19, 21-23 Bremer Road",Res 93,13-15,Murray Bridge,,"{""council"":""Rural City of Murray Bridge"",""job_sequence"":93,""lot_label"":""Res 93"",""postcode"":""5253"",""project_number"":1101,""project_type"":""residential"",""street"":""17-19, 21-23 Bremer Road"",""street_2"":""Res 93"",""street_number"":""13-15"",""suburb"":""Murray Bridge""}"
651,2254,,,Rural City of Murray Bridge,94,Res 94,,,,5253,1101,residential,,,,"17-19, 21-23 Bremer Road",Res 94,13-15,Murray Bridge,,"{""council"":""Rural City of Murray Bridge"",""job_sequence"":94,""lot_label"":""Res 94"",""postcode"":""5253"",""project_number"":1101,""project_type"":""residential"",""street"":""17-19, 21-23 Bremer Road"",""street_2"":""Res 94"",""street_number"":""13-15"",""suburb"":""Murray Bridge""}"
652,2255,,,Rural City of Murray Bridge,95,Res 95,,,,5253,1101,residential,,,,"17-19, 21-23 Bremer Road",Res 95,13-15,Murray Bridge,,"{""council"":""Rural City of Murray Bridge"",""job_sequence"":95,""lot_label"":""Res 95"",""postcode"":""5253"",""project_number"":1101,""project_type"":""residential"",""street"":""17-19, 21-23 Bremer Road"",""street_2"":""Res 95"",""street_number"":""13-15"",""suburb"":""Murray Bridge""}"
653,2256,,,Rural City of Murray Bridge,96,Res 96,,,,5253,1101,residential,,,,"17-19, 21-23 Bremer Road",Res 96,13-15,Murray Bridge,,"{""council"":""Rural City of Murray Bridge"",""job_sequence"":96,""lot_label"":""Res 96"",""postcode"":""5253"",""project_number"":1101,""project_type"":""residential"",""street"":""17-19, 21-23 Bremer Road"",""street_2"":""Res 96"",""street_number"":""13-15"",""suburb"":""Murray Bridge""}"
654,2257,,,Rural City of Murray Bridge,97,Res 97,,,,5253,1101,residential,,,,"17-19, 21-23 Bremer Road",Res 97,13-15,Murray Bridge,,"{""council"":""Rural City of Murray Bridge"",""job_sequence"":97,""lot_label"":""Res 97"",""postcode"":""5253"",""project_number"":1101,""project_type"":""residential"",""street"":""17-19, 21-23 Bremer Road"",""street_2"":""Res 97"",""street_number"":""13-15"",""suburb"":""Murray Bridge""}"
655,2258,,,Rural City of Murray Bridge,98,Res 98,,,,5253,1101,residential,,,,"17-19, 21-23 Bremer Road",Res 98,13-15,Murray Bridge,,"{""council"":""Rural City of Murray Bridge"",""job_sequence"":98,""lot_label"":""Res 98"",""postcode"":""5253"",""project_number"":1101,""project_type"":""residential"",""street"":""17-19, 21-23 Bremer Road"",""street_2"":""Res 98"",""street_number"":""13-15"",""suburb"":""Murray Bridge""}"
656,225,,,Rural City of Murray Bridge,99,Res 99,,,,5253,1101,residential,,,,"17-19, 21-23 Bremer Road",Res 99,13-15,Murray Bridge,,"{""council"":""Rural City of Murray Bridge"",""job_sequence"":99,""lot_label"":""Res 99"",""postcode"":""5253"",""project_number"":1101,""project_type"":""residential"",""street"":""17-19, 21-23 Bremer Road"",""street_2"":""Res 99"",""street_number"":""13-15"",""suburb"":""Murray Bridge""}"
657,2260,,,Rural City of Murray Bridge,100,Res 100,,,,5253,1101,residential,,,,"17-19, 21-23 Bremer Road",Res 100,13-15,Murray Bridge,,"{""council"":""Rural City of Murray Bridge"",""job_sequence"":100,""lot_label"":""Res 100"",""postcode"":""5253"",""project_number"":1101,""project_type"":""residential"",""street"":""17-19, 21-23 Bremer Road"",""street_2"":""Res 100"",""street_number"":""13-15"",""suburb"":""Murray Bridge""}"
658,2261,,,Rural City of Murray Bridge,101,Res 101,,,,5253,1101,residential,,,,"17-19, 21-23 Bremer Road",Res 101,13-15,Murray Bridge,,"{""council"":""Rural City of Murray Bridge"",""job_sequence"":101,""lot_label"":""Res 101"",""postcode"":""5253"",""project_number"":1101,""project_type"":""residential"",""street"":""17-19, 21-23 Bremer Road"",""street_2"":""Res 101"",""street_number"":""13-15"",""suburb"":""Murray Bridge""}"
659,2262,,,Rural City of Murray Bridge,102,Res 102,,,,5253,1101,residential,,,,"17-19, 21-23 Bremer Road",Res 102,13-15,Murray Bridge,,"{""council"":""Rural City of Murray Bridge"",""job_sequence"":102,""lot_label"":""Res 102"",""postcode"":""5253"",""project_number"":1101,""project_type"":""residential"",""street"":""17-19, 21-23 Bremer Road"",""street_2"":""Res 102"",""street_number"":""13-15"",""suburb"":""Murray Bridge""}"
660,2263,,,Rural City of Murray Bridge,103,Res 103,,,,5253,1101,residential,,,,"17-19, 21-23 Bremer Road",Res 103,13-15,Murray Bridge,,"{""council"":""Rural City of Murray Bridge"",""job_sequence"":103,""lot_label"":""Res 103"",""postcode"":""5253"",""project_number"":1101,""project_type"":""residential"",""street"":""17-19, 21-23 Bremer Road"",""street_2"":""Res 103"",""street_number"":""13-15"",""suburb"":""Murray Bridge""}"
661,2264,,,Rural City of Murray Bridge,104,Res 104,,,,5253,1101,residential,,,,"17-19, 21-23 Bremer Road",Res 104,13-15,Murray Bridge,,"{""council"":""Rural City of Murray Bridge"",""job_sequence"":104,""lot_label"":""Res 104"",""postcode"":""5253"",""project_number"":1101,""project_type"":""residential"",""street"":""17-19, 21-23 Bremer Road"",""street_2"":""Res 104"",""street_number"":""13-15"",""suburb"":""Murray Bridge""}"
662,2265,,,Rural City of Murray Bridge,105,Res 105,,,,5253,1101,residential,,,,"17-19, 21-23 Bremer Road",Res 105,13-15,Murray Bridge,,"{""council"":""Rural City of Murray Bridge"",""job_sequence"":105,""lot_label"":""Res 105"",""postcode"":""5253"",""project_number"":1101,""project_type"":""residential"",""street"":""17-19, 21-23 Bremer Road"",""street_2"":""Res 105"",""street_number"":""13-15"",""suburb"":""Murray Bridge""}"
663,2266,,,Rural City of Murray Bridge,106,Res 106,,,,5253,1101,residential,,,,"17-19, 21-23 Bremer Road",Res 106,13-15,Murray Bridge,,"{""council"":""Rural City of Murray Bridge"",""job_sequence"":106,""lot_label"":""Res 106"",""postcode"":""5253"",""project_number"":1101,""project_type"":""residential"",""street"":""17-19, 21-23 Bremer Road"",""street_2"":""Res 106"",""street_number"":""13-15"",""suburb"":""Murray Bridge""}"
664,2267,,,Rural City of Murray Bridge,107,Res 107,,,,5253,1101,residential,,,,"17-19, 21-23 Bremer Road",Res 107,13-15,Murray Bridge,,"{""council"":""Rural City of Murray Bridge"",""job_sequence"":107,""lot_label"":""Res 107"",""postcode"":""5253"",""project_number"":1101,""project_type"":""residential"",""street"":""17-19, 21-23 Bremer Road"",""street_2"":""Res 107"",""street_number"":""13-15"",""suburb"":""Murray Bridge""}"
665,2268,,,Rural City of Murray Bridge,108,Res 108,,,,5253,1101,residential,,,,"17-19, 21-23 Bremer Road",Res 108,13-15,Murray Bridge,,"{""council"":""Rural City of Murray Bridge"",""job_sequence"":108,""lot_label"":""Res 108"",""postcode"":""5253"",""project_number"":1101,""project_type"":""residential"",""street"":""17-19, 21-23 Bremer Road"",""street_2"":""Res 108"",""street_number"":""13-15"",""suburb"":""Murray Bridge""}"
666,2269,,,Rural City of Murray Bridge,109,Res 109,,,,5253,1101,residential,,,,"17-19, 21-23 Bremer Road",Res 109,13-15,Murray Bridge,,"{""council"":""Rural City of Murray Bridge"",""job_sequence"":109,""lot_label"":""Res 109"",""postcode"":""5253"",""project_number"":1101,""project_type"":""residential"",""street"":""17-19, 21-23 Bremer Road"",""street_2"":""Res 109"",""street_number"":""13-15"",""suburb"":""Murray Bridge""}"
667,2270,,,Rural City of Murray Bridge,110,Res 110,,,,5253,1101,residential,,,,"17-19, 21-23 Bremer Road",Res 110,13-15,Murray Bridge,,"{""council"":""Rural City of Murray Bridge"",""job_sequence"":110,""lot_label"":""Res 110"",""postcode"":""5253"",""project_number"":1101,""project_type"":""residential"",""street"":""17-19, 21-23 Bremer Road"",""street_2"":""Res 110"",""street_number"":""13-15"",""suburb"":""Murray Bridge""}"
668,2271,,,Rural City of Murray Bridge,111,Res 110,,,,5253,1101,residential,,,,"17-19, 21-23 Bremer Road",Res 110,13-15,Murray Bridge,,"{""council"":""Rural City of Murray Bridge"",""job_sequence"":111,""lot_label"":""Res 110"",""postcode"":""5253"",""project_number"":1101,""project_type"":""residential"",""street"":""17-19, 21-23 Bremer Road"",""street_2"":""Res 110"",""street_number"":""13-15"",""suburb"":""Murray Bridge""}"
669,2272,,,Rural City of Murray Bridge,112,Res 112,,,,5253,1101,residential,,,,"17-19, 21-23 Bremer Road",Res 112,13-15,Murray Bridge,,"{""council"":""Rural City of Murray Bridge"",""job_sequence"":112,""lot_label"":""Res 112"",""postcode"":""5253"",""project_number"":1101,""project_type"":""residential"",""street"":""17-19, 21-23 Bremer Road"",""street_2"":""Res 112"",""street_number"":""13-15"",""suburb"":""Murray Bridge""}"
670,2273,,,Rural City of Murray Bridge,113,Res 113,,,,5253,1101,residential,,,,"17-19, 21-23 Bremer Road",Res 113,13-15,Murray Bridge,,"{""council"":""Rural City of Murray Bridge"",""job_sequence"":113,""lot_label"":""Res 113"",""postcode"":""5253"",""project_number"":1101,""project_type"":""residential"",""street"":""17-19, 21-23 Bremer Road"",""street_2"":""Res 113"",""street_number"":""13-15"",""suburb"":""Murray Bridge""}"
671,2274,,,Rural City of Murray Bridge,114,Res 114,,,,5253,1101,residential,,,,"17-19, 21-23 Bremer Road",Res 114,13-15,Murray Bridge,,"{""council"":""Rural City of Murray Bridge"",""job_sequence"":114,""lot_label"":""Res 114"",""postcode"":""5253"",""project_number"":1101,""project_type"":""residential"",""street"":""17-19, 21-23 Bremer Road"",""street_2"":""Res 114"",""street_number"":""13-15"",""suburb"":""Murray Bridge""}"
672,2275,,,Rural City of Murray Bridge,115,Res 115,,,,5253,1101,residential,,,,"17-19, 21-23 Bremer Road",Res 115,13-15,Murray Bridge,,"{""council"":""Rural City of Murray Bridge"",""job_sequence"":115,""lot_label"":""Res 115"",""postcode"":""5253"",""project_number"":1101,""project_type"":""residential"",""street"":""17-19, 21-23 Bremer Road"",""street_2"":""Res 115"",""street_number"":""13-15"",""suburb"":""Murray Bridge""}"
673,2276,,,Rural City of Murray Bridge,116,Res 116,,,,5253,1101,residential,,,,"17-19, 21-23 Bremer Road",Res 116,13-15,Murray Bridge,,"{""council"":""Rural City of Murray Bridge"",""job_sequence"":116,""lot_label"":""Res 116"",""postcode"":""5253"",""project_number"":1101,""project_type"":""residential"",""street"":""17-19, 21-23 Bremer Road"",""street_2"":""Res 116"",""street_number"":""13-15"",""suburb"":""Murray Bridge""}"
674,2277,,,Rural City of Murray Bridge,117,Res 117,,,,5253,1101,residential,,,,"17-19, 21-23 Bremer Road",Res 117,13-15,Murray Bridge,,"{""council"":""Rural City of Murray Bridge"",""job_sequence"":117,""lot_label"":""Res 117"",""postcode"":""5253"",""project_number"":1101,""project_type"":""residential"",""street"":""17-19, 21-23 Bremer Road"",""street_2"":""Res 117"",""street_number"":""13-15"",""suburb"":""Murray Bridge""}"
675,2278,,,Rural City of Murray Bridge,118,Res 118,,,,5253,1101,residential,,,,"17-19, 21-23 Bremer Road",Res 118,13-15,Murray Bridge,,"{""council"":""Rural City of Murray Bridge"",""job_sequence"":118,""lot_label"":""Res 118"",""postcode"":""5253"",""project_number"":1101,""project_type"":""residential"",""street"":""17-19, 21-23 Bremer Road"",""street_2"":""Res 118"",""street_number"":""13-15"",""suburb"":""Murray Bridge""}"
676,2279,,,Rural City of Murray Bridge,119,Res 119,,,,5253,1101,residential,,,,"17-19, 21-23 Bremer Road",Res 119,13-15,Murray Bridge,,"{""council"":""Rural City of Murray Bridge"",""job_sequence"":119,""lot_label"":""Res 119"",""postcode"":""5253"",""project_number"":1101,""project_type"":""residential"",""street"":""17-19, 21-23 Bremer Road"",""street_2"":""Res 119"",""street_number"":""13-15"",""suburb"":""Murray Bridge""}"
677,2280,,,Rural City of Murray Bridge,120,Res 120,,,,5253,1101,residential,,,,"17-19, 21-23 Bremer Road",Res 120,13-15,Murray Bridge,,"{""council"":""Rural City of Murray Bridge"",""job_sequence"":120,""lot_label"":""Res 120"",""postcode"":""5253"",""project_number"":1101,""project_type"":""residential"",""street"":""17-19, 21-23 Bremer Road"",""street_2"":""Res 120"",""street_number"":""13-15"",""suburb"":""Murray Bridge""}"
678,2281,,,Rural City of Murray Bridge,121,Res 121,,,,5253,1101,residential,,,,"17-19, 21-23 Bremer Road",Res 121,13-15,Murray Bridge,,"{""council"":""Rural City of Murray Bridge"",""job_sequence"":121,""lot_label"":""Res 121"",""postcode"":""5253"",""project_number"":1101,""project_type"":""residential"",""street"":""17-19, 21-23 Bremer Road"",""street_2"":""Res 121"",""street_number"":""13-15"",""suburb"":""Murray Bridge""}"
679,2282,,,Rural City of Murray Bridge,122,Res 122,,,,5253,1101,residential,,,,"17-19, 21-23 Bremer Road",Res 122,13-15,Murray Bridge,,"{""council"":""Rural City of Murray Bridge"",""job_sequence"":122,""lot_label"":""Res 122"",""postcode"":""5253"",""project_number"":1101,""project_type"":""residential"",""street"":""17-19, 21-23 Bremer Road"",""street_2"":""Res 122"",""street_number"":""13-15"",""suburb"":""Murray Bridge""}"
680,2283,,,Rural City of Murray Bridge,123,Res 123,,,,5253,1101,residential,,,,"17-19, 21-23 Bremer Road",Res 123,13-15,Murray Bridge,,"{""council"":""Rural City of Murray Bridge"",""job_sequence"":123,""lot_label"":""Res 123"",""postcode"":""5253"",""project_number"":1101,""project_type"":""residential"",""street"":""17-19, 21-23 Bremer Road"",""street_2"":""Res 123"",""street_number"":""13-15"",""suburb"":""Murray Bridge""}"
681,2284,,,Rural City of Murray Bridge,124,Res 124,,,,5253,1101,residential,,,,"17-19, 21-23 Bremer Road",Res 124,13-15,Murray Bridge,,"{""council"":""Rural City of Murray Bridge"",""job_sequence"":124,""lot_label"":""Res 124"",""postcode"":""5253"",""project_number"":1101,""project_type"":""residential"",""street"":""17-19, 21-23 Bremer Road"",""street_2"":""Res 124"",""street_number"":""13-15"",""suburb"":""Murray Bridge""}"
682,2285,,,Rural City of Murray Bridge,125,Res 125,,,,5253,1101,residential,,,,"17-19, 21-23 Bremer Road",Res 125,13-15,Murray Bridge,,"{""council"":""Rural City of Murray Bridge"",""job_sequence"":125,""lot_label"":""Res 125"",""postcode"":""5253"",""project_number"":1101,""project_type"":""residential"",""street"":""17-19, 21-23 Bremer Road"",""street_2"":""Res 125"",""street_number"":""13-15"",""suburb"":""Murray Bridge""}"
683,2286,,,Rural City of Murray Bridge,126,Res 126,,,,5253,1101,residential,,,,"17-19, 21-23 Bremer Road",Res 126,13-15,Murray Bridge,,"{""council"":""Rural City of Murray Bridge"",""job_sequence"":126,""lot_label"":""Res 126"",""postcode"":""5253"",""project_number"":1101,""project_type"":""residential"",""street"":""17-19, 21-23 Bremer Road"",""street_2"":""Res 126"",""street_number"":""13-15"",""suburb"":""Murray Bridge""}"
684,2287,,,Rural City of Murray Bridge,127,Res 127,,,,5253,1101,residential,,,,"17-19, 21-23 Bremer Road",Res 127,13-15,Murray Bridge,,"{""council"":""Rural City of Murray Bridge"",""job_sequence"":127,""lot_label"":""Res 127"",""postcode"":""5253"",""project_number"":1101,""project_type"":""residential"",""street"":""17-19, 21-23 Bremer Road"",""street_2"":""Res 127"",""street_number"":""13-15"",""suburb"":""Murray Bridge""}"
685,2288,,,Rural City of Murray Bridge,128,Res 128,,,,5253,1101,residential,,,,"17-19, 21-23 Bremer Road",Res 128,13-15,Murray Bridge,,"{""council"":""Rural City of Murray Bridge"",""job_sequence"":128,""lot_label"":""Res 128"",""postcode"":""5253"",""project_number"":1101,""project_type"":""residential"",""street"":""17-19, 21-23 Bremer Road"",""street_2"":""Res 128"",""street_number"":""13-15"",""suburb"":""Murray Bridge""}"
686,2289,,,Rural City of Murray Bridge,129,Res 129,,,,5253,1101,residential,,,,"17-19, 21-23 Bremer Road",Res 129,13-15,Murray Bridge,,"{""council"":""Rural City of Murray Bridge"",""job_sequence"":129,""lot_label"":""Res 129"",""postcode"":""5253"",""project_number"":1101,""project_type"":""residential"",""street"":""17-19, 21-23 Bremer Road"",""street_2"":""Res 129"",""street_number"":""13-15"",""suburb"":""Murray Bridge""}"
687,2290,,,Rural City of Murray Bridge,130,Res 130,,,,5253,1101,residential,,,,"17-19, 21-23 Bremer Road",Res 130,13-15,Murray Bridge,,"{""council"":""Rural City of Murray Bridge"",""job_sequence"":130,""lot_label"":""Res 130"",""postcode"":""5253"",""project_number"":1101,""project_type"":""residential"",""street"":""17-19, 21-23 Bremer Road"",""street_2"":""Res 130"",""street_number"":""13-15"",""suburb"":""Murray Bridge""}"
688,2291,,,Rural City of Murray Bridge,131,Res 131,,,,5253,1101,residential,,,,"17-19, 21-23 Bremer Road",Res 131,13-15,Murray Bridge,,"{""council"":""Rural City of Murray Bridge"",""job_sequence"":131,""lot_label"":""Res 131"",""postcode"":""5253"",""project_number"":1101,""project_type"":""residential"",""street"":""17-19, 21-23 Bremer Road"",""street_2"":""Res 131"",""street_number"":""13-15"",""suburb"":""Murray Bridge""}"
689,2292,,,Rural City of Murray Bridge,132,Res 132,,,,5253,1101,residential,,,,"17-19, 21-23 Bremer Road",Res 132,13-15,Murray Bridge,,"{""council"":""Rural City of Murray Bridge"",""job_sequence"":132,""lot_label"":""Res 132"",""postcode"":""5253"",""project_number"":1101,""project_type"":""residential"",""street"":""17-19, 21-23 Bremer Road"",""street_2"":""Res 132"",""street_number"":""13-15"",""suburb"":""Murray Bridge""}"
690,2293,,,Rural City of Murray Bridge,133,Res 133,,,,5253,1101,residential,,,,"17-19, 21-23 Bremer Road",Res 133,13-15,Murray Bridge,,"{""council"":""Rural City of Murray Bridge"",""job_sequence"":133,""lot_label"":""Res 133"",""postcode"":""5253"",""project_number"":1101,""project_type"":""residential"",""street"":""17-19, 21-23 Bremer Road"",""street_2"":""Res 133"",""street_number"":""13-15"",""suburb"":""Murray Bridge""}"
691,2294,,,Rural City of Murray Bridge,134,Res 134,,,,5253,1101,residential,,,,"17-19, 21-23 Bremer Road",Res 134,13-15,Murray Bridge,,"{""council"":""Rural City of Murray Bridge"",""job_sequence"":134,""lot_label"":""Res 134"",""postcode"":""5253"",""project_number"":1101,""project_type"":""residential"",""street"":""17-19, 21-23 Bremer Road"",""street_2"":""Res 134"",""street_number"":""13-15"",""suburb"":""Murray Bridge""}"
692,2295,,,Rural City of Murray Bridge,135,Res 135,,,,5253,1101,residential,,,,"17-19, 21-23 Bremer Road",Res 135,13-15,Murray Bridge,,"{""council"":""Rural City of Murray Bridge"",""job_sequence"":135,""lot_label"":""Res 135"",""postcode"":""5253"",""project_number"":1101,""project_type"":""residential"",""street"":""17-19, 21-23 Bremer Road"",""street_2"":""Res 135"",""street_number"":""13-15"",""suburb"":""Murray Bridge""}"
693,2296,,,Rural City of Murray Bridge,136,Res 136,,,,5253,1101,residential,,,,"17-19, 21-23 Bremer Road",Res 136,13-15,Murray Bridge,,"{""council"":""Rural City of Murray Bridge"",""job_sequence"":136,""lot_label"":""Res 136"",""postcode"":""5253"",""project_number"":1101,""project_type"":""residential"",""street"":""17-19, 21-23 Bremer Road"",""street_2"":""Res 136"",""street_number"":""13-15"",""suburb"":""Murray Bridge""}"
694,2297,,,Rural City of Murray Bridge,137,Res 137,,,,5253,1101,residential,,,,"17-19, 21-23 Bremer Road",Res 137,13-15,Murray Bridge,,"{""council"":""Rural City of Murray Bridge"",""job_sequence"":137,""lot_label"":""Res 137"",""postcode"":""5253"",""project_number"":1101,""project_type"":""residential"",""street"":""17-19, 21-23 Bremer Road"",""street_2"":""Res 137"",""street_number"":""13-15"",""suburb"":""Murray Bridge""}"
695,2298,,,Rural City of Murray Bridge,138,Res 138,,,,5253,1101,residential,,,,"17-19, 21-23 Bremer Road",Res 138,13-15,Murray Bridge,,"{""council"":""Rural City of Murray Bridge"",""job_sequence"":138,""lot_label"":""Res 138"",""postcode"":""5253"",""project_number"":1101,""project_type"":""residential"",""street"":""17-19, 21-23 Bremer Road"",""street_2"":""Res 138"",""street_number"":""13-15"",""suburb"":""Murray Bridge""}"
696,2299,,,Rural City of Murray Bridge,139,Res 139,,,,5253,1101,residential,,,,"17-19, 21-23 Bremer Road",Res 139,13-15,Murray Bridge,,"{""council"":""Rural City of Murray Bridge"",""job_sequence"":139,""lot_label"":""Res 139"",""postcode"":""5253"",""project_number"":1101,""project_type"":""residential"",""street"":""17-19, 21-23 Bremer Road"",""street_2"":""Res 139"",""street_number"":""13-15"",""suburb"":""Murray Bridge""}"
697,2300,,,Rural City of Murray Bridge,140,Res 140,,,,5253,1101,residential,,,,"17-19, 21-23 Bremer Road",Res 140,13-15,Murray Bridge,,"{""council"":""Rural City of Murray Bridge"",""job_sequence"":140,""lot_label"":""Res 140"",""postcode"":""5253"",""project_number"":1101,""project_type"":""residential"",""street"":""17-19, 21-23 Bremer Road"",""street_2"":""Res 140"",""street_number"":""13-15"",""suburb"":""Murray Bridge""}"
698,2301,,,Rural City of Murray Bridge,141,Res 141,,,,5253,1101,residential,,,,"17-19, 21-23 Bremer Road",Res 141,13-15,Murray Bridge,,"{""council"":""Rural City of Murray Bridge"",""job_sequence"":141,""lot_label"":""Res 141"",""postcode"":""5253"",""project_number"":1101,""project_type"":""residential"",""street"":""17-19, 21-23 Bremer Road"",""street_2"":""Res 141"",""street_number"":""13-15"",""suburb"":""Murray Bridge""}"
699,2302,,,Rural City of Murray Bridge,142,Res 142,,,,5253,1101,residential,,,,"17-19, 21-23 Bremer Road",Res 142,13-15,Murray Bridge,,"{""council"":""Rural City of Murray Bridge"",""job_sequence"":142,""lot_label"":""Res 142"",""postcode"":""5253"",""project_number"":1101,""project_type"":""residential"",""street"":""17-19, 21-23 Bremer Road"",""street_2"":""Res 142"",""street_number"":""13-15"",""suburb"":""Murray Bridge""}"
700,2303,,,Rural City of Murray Bridge,143,Res 143,,,,5253,1101,residential,,,,"17-19, 21-23 Bremer Road",Res 143,13-15,Murray Bridge,,"{""council"":""Rural City of Murray Bridge"",""job_sequence"":143,""lot_label"":""Res 143"",""postcode"":""5253"",""project_number"":1101,""project_type"":""residential"",""street"":""17-19, 21-23 Bremer Road"",""street_2"":""Res 143"",""street_number"":""13-15"",""suburb"":""Murray Bridge""}"
701,2304,,,Rural City of Murray Bridge,144,Res 144,,,,5253,1101,residential,,,,"17-19, 21-23 Bremer Road",Res 144,13-15,Murray Bridge,,"{""council"":""Rural City of Murray Bridge"",""job_sequence"":144,""lot_label"":""Res 144"",""postcode"":""5253"",""project_number"":1101,""project_type"":""residential"",""street"":""17-19, 21-23 Bremer Road"",""street_2"":""Res 144"",""street_number"":""13-15"",""suburb"":""Murray Bridge""}"
702,2305,,,Rural City of Murray Bridge,145,Res 145,,,,5253,1101,residential,,,,"17-19, 21-23 Bremer Road",Res 145,13-15,Murray Bridge,,"{""council"":""Rural City of Murray Bridge"",""job_sequence"":145,""lot_label"":""Res 145"",""postcode"":""5253"",""project_number"":1101,""project_type"":""residential"",""street"":""17-19, 21-23 Bremer Road"",""street_2"":""Res 145"",""street_number"":""13-15"",""suburb"":""Murray Bridge""}"
703,2306,,,Rural City of Murray Bridge,146,Res 146,,,,5253,1101,residential,,,,"17-19, 21-23 Bremer Road",Res 146,13-15,Murray Bridge,,"{""council"":""Rural City of Murray Bridge"",""job_sequence"":146,""lot_label"":""Res 146"",""postcode"":""5253"",""project_number"":1101,""project_type"":""residential"",""street"":""17-19, 21-23 Bremer Road"",""street_2"":""Res 146"",""street_number"":""13-15"",""suburb"":""Murray Bridge""}"
704,2307,,,Rural City of Murray Bridge,147,Res 147,,,,5253,1101,residential,,,,"17-19, 21-23 Bremer Road",Res 147,13-15,Murray Bridge,,"{""council"":""Rural City of Murray Bridge"",""job_sequence"":147,""lot_label"":""Res 147"",""postcode"":""5253"",""project_number"":1101,""project_type"":""residential"",""street"":""17-19, 21-23 Bremer Road"",""street_2"":""Res 147"",""street_number"":""13-15"",""suburb"":""Murray Bridge""}"
705,2308,,,Rural City of Murray Bridge,148,Res 148,,,,5253,1101,residential,,,,"17-19, 21-23 Bremer Road",Res 148,13-15,Murray Bridge,,"{""council"":""Rural City of Murray Bridge"",""job_sequence"":148,""lot_label"":""Res 148"",""postcode"":""5253"",""project_number"":1101,""project_type"":""residential"",""street"":""17-19, 21-23 Bremer Road"",""street_2"":""Res 148"",""street_number"":""13-15"",""suburb"":""Murray Bridge""}"
706,2309,,,Rural City of Murray Bridge,149,Res 149,,,,5253,1101,residential,,,,"17-19, 21-23 Bremer Road",Res 149,13-15,Murray Bridge,,"{""council"":""Rural City of Murray Bridge"",""job_sequence"":149,""lot_label"":""Res 149"",""postcode"":""5253"",""project_number"":1101,""project_type"":""residential"",""street"":""17-19, 21-23 Bremer Road"",""street_2"":""Res 149"",""street_number"":""13-15"",""suburb"":""Murray Bridge""}"
707,2310,,,Rural City of Murray Bridge,150,Res 150,,,,5253,1101,residential,,,,"17-19, 21-23 Bremer Road",Res 150,13-15,Murray Bridge,,"{""council"":""Rural City of Murray Bridge"",""job_sequence"":150,""lot_label"":""Res 150"",""postcode"":""5253"",""project_number"":1101,""project_type"":""residential"",""street"":""17-19, 21-23 Bremer Road"",""street_2"":""Res 150"",""street_number"":""13-15"",""suburb"":""Murray Bridge""}"
708,2311,PWA,,City of Onkaparinga,1,Res 1,,,,5169,1102,residential,,,,Tiller Drive,Res 1,25,Seaford,,"{""agreement"":""PWA"",""council"":""City of Onkaparinga"",""job_sequence"":1,""lot_label"":""Res 1"",""postcode"":""5169"",""project_number"":1102,""project_type"":""residential"",""street"":""Tiller Drive"",""street_2"":""Res 1"",""street_number"":""25"",""suburb"":""Seaford""}"
709,2312,PWA,,City of Onkaparinga,2,Res 2,,,,5169,1102,residential,,,,Tiller Drive,Res 2,25,Seaford,,"{""agreement"":""PWA"",""council"":""City of Onkaparinga"",""job_sequence"":2,""lot_label"":""Res 2"",""postcode"":""5169"",""project_number"":1102,""project_type"":""residential"",""street"":""Tiller Drive"",""street_2"":""Res 2"",""street_number"":""25"",""suburb"":""Seaford""}"
710,2313,PWA,,City of Onkaparinga,3,Res 3,,,,5169,1102,residential,,,,Tiller Drive,Res 3,25,Seaford,,"{""agreement"":""PWA"",""council"":""City of Onkaparinga"",""job_sequence"":3,""lot_label"":""Res 3"",""postcode"":""5169"",""project_number"":1102,""project_type"":""residential"",""street"":""Tiller Drive"",""street_2"":""Res 3"",""street_number"":""25"",""suburb"":""Seaford""}"
711,2314,PWA,,City of Onkaparinga,1,Res 1,,,,5163,1103,residential,,,,Main South Road,Res 1,247,Hackham West,,"{""agreement"":""PWA"",""council"":""City of Onkaparinga"",""job_sequence"":1,""lot_label"":""Res 1"",""postcode"":""5163"",""project_number"":1103,""project_type"":""residential"",""street"":""Main South Road"",""street_2"":""Res 1"",""street_number"":""247"",""suburb"":""Hackham West""}"
712,2315,PWA,,City of Onkaparinga,2,Res 2,,,,5163,1103,residential,,,,Main South Road,Res 2,247,Hackham West,,"{""agreement"":""PWA"",""council"":""City of Onkaparinga"",""job_sequence"":2,""lot_label"":""Res 2"",""postcode"":""5163"",""project_number"":1103,""project_type"":""residential"",""street"":""Main South Road"",""street_2"":""Res 2"",""street_number"":""247"",""suburb"":""Hackham West""}"
713,2316,PWA,,City of Onkaparinga,3,Res 3,,,,5163,1103,residential,,,,Main South Road,Res 3,247,Hackham West,,"{""agreement"":""PWA"",""council"":""City of Onkaparinga"",""job_sequence"":3,""lot_label"":""Res 3"",""postcode"":""5163"",""project_number"":1103,""project_type"":""residential"",""street"":""Main South Road"",""street_2"":""Res 3"",""street_number"":""247"",""suburb"":""Hackham West""}"
714,2317,PWA,,City of Playford,1,Res 1,,,,5113,1104,residential,,,,Wootton Street,Res 1,3&5,Davoren Park,,"{""agreement"":""PWA"",""council"":""City of Playford"",""job_sequence"":1,""lot_label"":""Res 1"",""postcode"":""5113"",""project_number"":1104,""project_type"":""residential"",""street"":""Wootton Street"",""street_2"":""Res 1"",""street_number"":""3&5"",""suburb"":""Davoren Park""}"
715,2318,PWA,,City of Playford,2,Res 2,,,,5113,1104,residential,,,,Wootton Street,Res 2,3&5,Davoren Park,,"{""agreement"":""PWA"",""council"":""City of Playford"",""job_sequence"":2,""lot_label"":""Res 2"",""postcode"":""5113"",""project_number"":1104,""project_type"":""residential"",""street"":""Wootton Street"",""street_2"":""Res 2"",""street_number"":""3&5"",""suburb"":""Davoren Park""}"
716,2319,PWA,,City of Playford,3,Res 3,,,,5113,1104,residential,,,,Wootton Street,Res 3,3&5,Davoren Park,,"{""agreement"":""PWA"",""council"":""City of Playford"",""job_sequence"":3,""lot_label"":""Res 3"",""postcode"":""5113"",""project_number"":1104,""project_type"":""residential"",""street"":""Wootton Street"",""street_2"":""Res 3"",""street_number"":""3&5"",""suburb"":""Davoren Park""}"
717,2320,PWA,,City of Playford,4,Res 4,,,,5113,1104,residential,,,,Wootton Street,Res 4,3&5,Davoren Park,,"{""agreement"":""PWA"",""council"":""City of Playford"",""job_sequence"":4,""lot_label"":""Res 4"",""postcode"":""5113"",""project_number"":1104,""project_type"":""residential"",""street"":""Wootton Street"",""street_2"":""Res 4"",""street_number"":""3&5"",""suburb"":""Davoren Park""}"
718,2321,PWA,,City of Playford,5,Res 5,,,,5113,1104,residential,,,,Wootton Street,Res 5,3&5,Davoren Park,,"{""agreement"":""PWA"",""council"":""City of Playford"",""job_sequence"":5,""lot_label"":""Res 5"",""postcode"":""5113"",""project_number"":1104,""project_type"":""residential"",""street"":""Wootton Street"",""street_2"":""Res 5"",""street_number"":""3&5"",""suburb"":""Davoren Park""}"
719,2322,PWA,,City of Playford,6,Res 6,,,,5113,1104,residential,,,,Wootton Street,Res 6,3&5,Davoren Park,,"{""agreement"":""PWA"",""council"":""City of Playford"",""job_sequence"":6,""lot_label"":""Res 6"",""postcode"":""5113"",""project_number"":1104,""project_type"":""residential"",""street"":""Wootton Street"",""street_2"":""Res 6"",""street_number"":""3&5"",""suburb"":""Davoren Park""}"
720,2323,PWA,,City of Playford,7,Res 7,,,,5113,1104,residential,,,,Wootton Street,Res 7,3&5,Davoren Park,,"{""agreement"":""PWA"",""council"":""City of Playford"",""job_sequence"":7,""lot_label"":""Res 7"",""postcode"":""5113"",""project_number"":1104,""project_type"":""residential"",""street"":""Wootton Street"",""street_2"":""Res 7"",""street_number"":""3&5"",""suburb"":""Davoren Park""}"
721,2324,PWA,,City of West Torrens,1,Res 1,,,,5037,1105,residential,,,,Streeters Road,Res 1,48,North Plympton,,"{""agreement"":""PWA"",""council"":""City of West Torrens"",""job_sequence"":1,""lot_label"":""Res 1"",""postcode"":""5037"",""project_number"":1105,""project_type"":""residential"",""street"":""Streeters Road"",""street_2"":""Res 1"",""street_number"":""48"",""suburb"":""North Plympton""}"
722,2325,PWA,,City of West Torrens,2,Res 2,,,,5037,1105,residential,,,,Streeters Road,Res 2,48,North Plympton,,"{""agreement"":""PWA"",""council"":""City of West Torrens"",""job_sequence"":2,""lot_label"":""Res 2"",""postcode"":""5037"",""project_number"":1105,""project_type"":""residential"",""street"":""Streeters Road"",""street_2"":""Res 2"",""street_number"":""48"",""suburb"":""North Plympton""}"
723,2326,PWA,,City of West Torrens,3,Res 3,,,,5037,1105,residential,,,,Streeters Road,Res 3,48,North Plympton,,"{""agreement"":""PWA"",""council"":""City of West Torrens"",""job_sequence"":3,""lot_label"":""Res 3"",""postcode"":""5037"",""project_number"":1105,""project_type"":""residential"",""street"":""Streeters Road"",""street_2"":""Res 3"",""street_number"":""48"",""suburb"":""North Plympton""}"
724,2327,PWA,,City of Port Adelaide Enfield,1,Res 1,,,,5085,1106,residential,,,,Friar Street,Res 1,10,Enfield,,"{""agreement"":""PWA"",""council"":""City of Port Adelaide Enfield"",""job_sequence"":1,""lot_label"":""Res 1"",""postcode"":""5085"",""project_number"":1106,""project_type"":""residential"",""street"":""Friar Street"",""street_2"":""Res 1"",""street_number"":""10"",""suburb"":""Enfield""}"
725,2328,PWA,,City of Port Adelaide Enfield,2,Res 2,,,,5085,1106,residential,,,,Friar Street,Res 2,10,Enfield,,"{""agreement"":""PWA"",""council"":""City of Port Adelaide Enfield"",""job_sequence"":2,""lot_label"":""Res 2"",""postcode"":""5085"",""project_number"":1106,""project_type"":""residential"",""street"":""Friar Street"",""street_2"":""Res 2"",""street_number"":""10"",""suburb"":""Enfield""}"
726,2329,PWA,,City of Port Adelaide Enfield,3,Res 3,,,,5085,1106,residential,,,,Friar Street,Res 3,10,Enfield,,"{""agreement"":""PWA"",""council"":""City of Port Adelaide Enfield"",""job_sequence"":3,""lot_label"":""Res 3"",""postcode"":""5085"",""project_number"":1106,""project_type"":""residential"",""street"":""Friar Street"",""street_2"":""Res 3"",""street_number"":""10"",""suburb"":""Enfield""}"
727,2330,PWA,,City of Onkaparinga,1,,,,,5165,1107,residential,,,,Copernicus Road,,10,Christies Beach,,"{""agreement"":""PWA"",""council"":""City of Onkaparinga"",""job_sequence"":1,""postcode"":""5165"",""project_number"":1107,""project_type"":""residential"",""street"":""Copernicus Road"",""street_number"":""10"",""suburb"":""Christies Beach""}"
728,2331,PWA,,City of Onkaparinga,2,,,,,5165,1107,residential,,,,Copernicus Road,,10,Christies Beach,,"{""agreement"":""PWA"",""council"":""City of Onkaparinga"",""job_sequence"":2,""postcode"":""5165"",""project_number"":1107,""project_type"":""residential"",""street"":""Copernicus Road"",""street_number"":""10"",""suburb"":""Christies Beach""}"
729,2332,PWA,,City of Onkaparinga,3,,,,,5165,1107,residential,,,,Copernicus Road,,10,Christies Beach,,"{""agreement"":""PWA"",""council"":""City of Onkaparinga"",""job_sequence"":3,""postcode"":""5165"",""project_number"":1107,""project_type"":""residential"",""street"":""Copernicus Road"",""street_number"":""10"",""suburb"":""Christies Beach""}"
730,2333,PWA,,City of Onkaparinga,4,,,,,5165,1107,residential,,,,Copernicus Road,,10,Christies Beach,,"{""agreement"":""PWA"",""council"":""City of Onkaparinga"",""job_sequence"":4,""postcode"":""5165"",""project_number"":1107,""project_type"":""residential"",""street"":""Copernicus Road"",""street_number"":""10"",""suburb"":""Christies Beach""}"
731,2334,PWA,,City of Onkaparinga,1,,,,,5169,1108,residential,{'suburb': 'Seaford rise'},,,Patella Street,,3,Seaford Rise,,"{""agreement"":""PWA"",""council"":""City of Onkaparinga"",""job_sequence"":1,""postcode"":""5169"",""project_number"":1108,""project_type"":""residential"",""respelled"":{""suburb"":""Seaford rise""},""street"":""Patella Street"",""street_number"":""3"",""suburb"":""Seaford Rise""}"
732,2335,PWA,,City of Onkaparinga,2,,,,,5169,1108,residential,{'suburb': 'Seaford rise'},,,Patella Street,,3,Seaford Rise,,"{""agreement"":""PWA"",""council"":""City of Onkaparinga"",""job_sequence"":2,""postcode"":""5169"",""project_number"":1108,""project_type"":""residential"",""respelled"":{""suburb"":""Seaford rise""},""street"":""Patella Street"",""street_number"":""3"",""suburb"":""Seaford Rise""}"
733,2336,PWA,,City of Onkaparinga,3,,,,,5169,1108,residential,{'suburb': 'Seaford rise'},,,Patella Street,,3,Seaford Rise,,"{""agreement"":""PWA"",""council"":""City of Onkaparinga"",""job_sequence"":3,""postcode"":""5169"",""project_number"":1108,""project_type"":""residential"",""respelled"":{""suburb"":""Seaford rise""},""street"":""Patella Street"",""street_number"":""3"",""suburb"":""Seaford Rise""}"
734,2337,PWA,,City of Onkaparinga,4,,,,,5169,1108,residential,{'suburb': 'Seaford rise'},,,Patella Street,,3,Seaford Rise,,"{""agreement"":""PWA"",""council"":""City of Onkaparinga"",""job_sequence"":4,""postcode"":""5169"",""project_number"":1108,""project_type"":""residential"",""respelled"":{""suburb"":""Seaford rise""},""street"":""Patella Street"",""street_number"":""3"",""suburb"":""Seaford Rise""}"
735,2338,PWA,,City of Onkaparinga,1,,,,,5161,1109,residential,,,,Mirrimar Crescent,,21,Reynella,,"{""agreement"":""PWA"",""council"":""City of Onkaparinga"",""job_sequence"":1,""postcode"":""5161"",""project_number"":1109,""project_type"":""residential"",""street"":""Mirrimar Crescent"",""street_number"":""21"",""suburb"":""Reynella""}"
736,2339,PWA,,City of Onkaparinga,2,,,,,5161,1109,residential,,,,Mirrimar Crescent,,21,Reynella,,"{""agreement"":""PWA"",""council"":""City of Onkaparinga"",""job_sequence"":2,""postcode"":""5161"",""project_number"":1109,""project_type"":""residential"",""street"":""Mirrimar Crescent"",""street_number"":""21"",""suburb"":""Reynella""}"
737,2340,PWA,,City of Onkaparinga,3,,,,,5161,1109,residential,,,,Mirrimar Crescent,,21,Reynella,,"{""agreement"":""PWA"",""council"":""City of Onkaparinga"",""job_sequence"":3,""postcode"":""5161"",""project_number"":1109,""project_type"":""residential"",""street"":""Mirrimar Crescent"",""street_number"":""21"",""suburb"":""Reynella""}"
738,2341,PWA,,City of Tea Tree Gully,1,Res 1,,,,5090,1110,residential,,,,Pope Cres,Res 1,10,Hope Valley,,"{""agreement"":""PWA"",""council"":""City of Tea Tree Gully"",""job_sequence"":1,""lot_label"":""Res 1"",""postcode"":""5090"",""project_number"":1110,""project_type"":""residential"",""street"":""Pope Cres"",""street_2"":""Res 1"",""street_number"":""10"",""suburb"":""Hope Valley""}"
739,2342,PWA,,City of Tea Tree Gully,2,Res 2,,,,5090,1110,residential,,,,Pope Cres,Res 2,10,Hope Valley,,"{""agreement"":""PWA"",""council"":""City of Tea Tree Gully"",""job_sequence"":2,""lot_label"":""Res 2"",""postcode"":""5090"",""project_number"":1110,""project_type"":""residential"",""street"":""Pope Cres"",""street_2"":""Res 2"",""street_number"":""10"",""suburb"":""Hope Valley""}"
740,2343,PWA,,City of Tea Tree Gully,3,Res 3,,,,5090,1110,residential,,,,Pope Cres,Res 3,10,Hope Valley,,"{""agreement"":""PWA"",""council"":""City of Tea Tree Gully"",""job_sequence"":3,""lot_label"":""Res 3"",""postcode"":""5090"",""project_number"":1110,""project_type"":""residential"",""street"":""Pope Cres"",""street_2"":""Res 3"",""street_number"":""10"",""suburb"":""Hope Valley""}"
741,2344,PWA,,City of Holdfast Bay,1,Res 1,,,,5049,1111,residential,,,,Davenport Terrace,Res 1,26,Seacliff Park,,"{""agreement"":""PWA"",""council"":""City of Holdfast Bay"",""job_sequence"":1,""lot_label"":""Res 1"",""postcode"":""5049"",""project_number"":1111,""project_type"":""residential"",""street"":""Davenport Terrace"",""street_2"":""Res 1"",""street_number"":""26"",""suburb"":""Seacliff Park""}"
742,2345,PWA,,City of Holdfast Bay,2,Res 2,,,,5049,1111,residential,,,,Davenport Terrace,Res 2,26,Seacliff Park,,"{""agreement"":""PWA"",""council"":""City of Holdfast Bay"",""job_sequence"":2,""lot_label"":""Res 2"",""postcode"":""5049"",""project_number"":1111,""project_type"":""residential"",""street"":""Davenport Terrace"",""street_2"":""Res 2"",""street_number"":""26"",""suburb"":""Seacliff Park""}"
743,2346,PWA,,City of Holdfast Bay,3,Res 3,,,,5049,1111,residential,,,,Davenport Terrace,Res 3,26,Seacliff Park,,"{""agreement"":""PWA"",""council"":""City of Holdfast Bay"",""job_sequence"":3,""lot_label"":""Res 3"",""postcode"":""5049"",""project_number"":1111,""project_type"":""residential"",""street"":""Davenport Terrace"",""street_2"":""Res 3"",""street_number"":""26"",""suburb"":""Seacliff Park""}"
744,2347,PWA,,City of Holdfast Bay,1,Res 1,,,,5048,1112,residential,,,,Ross Street,Res 1,3,Brighton,,"{""agreement"":""PWA"",""council"":""City of Holdfast Bay"",""job_sequence"":1,""lot_label"":""Res 1"",""postcode"":""5048"",""project_number"":1112,""project_type"":""residential"",""street"":""Ross Street"",""street_2"":""Res 1"",""street_number"":""3"",""suburb"":""Brighton""}"
745,2348,PWA,,City of Holdfast Bay,2,Res 2,,,,5048,1112,residential,,,,Ross Street,Res 2,3,Brighton,,"{""agreement"":""PWA"",""council"":""City of Holdfast Bay"",""job_sequence"":2,""lot_label"":""Res 2"",""postcode"":""5048"",""project_number"":1112,""project_type"":""residential"",""street"":""Ross Street"",""street_2"":""Res 2"",""street_number"":""3"",""suburb"":""Brighton""}"
746,2349,PWA,,City of Holdfast Bay,3,Res 3,,,,5048,1112,residential,,,,Ross Street,Res 3,3,Brighton,,"{""agreement"":""PWA"",""council"":""City of Holdfast Bay"",""job_sequence"":3,""lot_label"":""Res 3"",""postcode"":""5048"",""project_number"":1112,""project_type"":""residential"",""street"":""Ross Street"",""street_2"":""Res 3"",""street_number"":""3"",""suburb"":""Brighton""}"
747,2350,PWA,,Campbelltown City Council,1,Res 1,,,,5074,1113,residential,,,,Clairville Road,Res 1,120,Newton,,"{""agreement"":""PWA"",""council"":""Campbelltown City Council"",""job_sequence"":1,""lot_label"":""Res 1"",""postcode"":""5074"",""project_number"":1113,""project_type"":""residential"",""street"":""Clairville Road"",""street_2"":""Res 1"",""street_number"":""120"",""suburb"":""Newton""}"
748,2351,PWA,,Campbelltown City Council,2,Res 2,,,,5074,1113,residential,,,,Clairville Road,Res 2,120,Newton,,"{""agreement"":""PWA"",""council"":""Campbelltown City Council"",""job_sequence"":2,""lot_label"":""Res 2"",""postcode"":""5074"",""project_number"":1113,""project_type"":""residential"",""street"":""Clairville Road"",""street_2"":""Res 2"",""street_number"":""120"",""suburb"":""Newton""}"
749,2352,PWA,,Campbelltown City Council,3,Res 3,,,,5074,1113,residential,,,,Clairville Road,Res 3,120,Newton,,"{""agreement"":""PWA"",""council"":""Campbelltown City Council"",""job_sequence"":3,""lot_label"":""Res 3"",""postcode"":""5074"",""project_number"":1113,""project_type"":""residential"",""street"":""Clairville Road"",""street_2"":""Res 3"",""street_number"":""120"",""suburb"":""Newton""}"
750,2353,PWA,,City of Onkaparinga,1,Res 1,,,,5161,1114,residential,,,,Breckenridge Road,Res 1,8,Reynella,,"{""agreement"":""PWA"",""council"":""City of Onkaparinga"",""job_sequence"":1,""lot_label"":""Res 1"",""postcode"":""5161"",""project_number"":1114,""project_type"":""residential"",""street"":""Breckenridge Road"",""street_2"":""Res 1"",""street_number"":""8"",""suburb"":""Reynella""}"
751,2354,PWA,,City of Onkaparinga,2,Res 2,,,,5161,1114,residential,,,,Breckenridge Road,Res 2,8,Reynella,,"{""agreement"":""PWA"",""council"":""City of Onkaparinga"",""job_sequence"":2,""lot_label"":""Res 2"",""postcode"":""5161"",""project_number"":1114,""project_type"":""residential"",""street"":""Breckenridge Road"",""street_2"":""Res 2"",""street_number"":""8"",""suburb"":""Reynella""}"
752,2355,PWA,,City of Onkaparinga,3,Res 3,,,,5161,1114,residential,,,,Breckenridge Road,Res 3,8,Reynella,,"{""agreement"":""PWA"",""council"":""City of Onkaparinga"",""job_sequence"":3,""lot_label"":""Res 3"",""postcode"":""5161"",""project_number"":1114,""project_type"":""residential"",""street"":""Breckenridge Road"",""street_2"":""Res 3"",""street_number"":""8"",""suburb"":""Reynella""}"
753,2356,PWA,,City of Playford,1,Res 1,,,,5113,1115,residential,,,,Homington Road,Res 1,24,Elizabeth North,,"{""agreement"":""PWA"",""council"":""City of Playford"",""job_sequence"":1,""lot_label"":""Res 1"",""postcode"":""5113"",""project_number"":1115,""project_type"":""residential"",""street"":""Homington Road"",""street_2"":""Res 1"",""street_number"":""24"",""suburb"":""Elizabeth North""}"
754,2357,PWA,,City of Playford,2,Res 2,,,,5113,1115,residential,,,,Homington Road,Res 2,24,Elizabeth North,,"{""agreement"":""PWA"",""council"":""City of Playford"",""job_sequence"":2,""lot_label"":""Res 2"",""postcode"":""5113"",""project_number"":1115,""project_type"":""residential"",""street"":""Homington Road"",""street_2"":""Res 2"",""street_number"":""24"",""suburb"":""Elizabeth North""}"
755,2358,PWA,,City of Playford,3,Res 3,,,,5113,1115,residential,,,,Homington Road,Res 3,24,Elizabeth North,,"{""agreement"":""PWA"",""council"":""City of Playford"",""job_sequence"":3,""lot_label"":""Res 3"",""postcode"":""5113"",""project_number"":1115,""project_type"":""residential"",""street"":""Homington Road"",""street_2"":""Res 3"",""street_number"":""24"",""suburb"":""Elizabeth North""}"
756,2359,PWA,,City of Onkaparinga,1,Res 1,,,,5161,1116,residential,,,,Brodie Road,Res 1,24,Reynella,,"{""agreement"":""PWA"",""council"":""City of Onkaparinga"",""job_sequence"":1,""lot_label"":""Res 1"",""postcode"":""5161"",""project_number"":1116,""project_type"":""residential"",""street"":""Brodie Road"",""street_2"":""Res 1"",""street_number"":""24"",""suburb"":""Reynella""}"
757,2360,PWA,,City of Onkaparinga,2,Res 2,,,,5161,1116,residential,,,,Brodie Road,Res 2,24,Reynella,,"{""agreement"":""PWA"",""council"":""City of Onkaparinga"",""job_sequence"":2,""lot_label"":""Res 2"",""postcode"":""5161"",""project_number"":1116,""project_type"":""residential"",""street"":""Brodie Road"",""street_2"":""Res 2"",""street_number"":""24"",""suburb"":""Reynella""}"
758,2361,PWA,,City of Onkaparinga,3,Res 3,,,,5161,1116,residential,,,,Brodie Road,Res 3,24,Reynella,,"{""agreement"":""PWA"",""council"":""City of Onkaparinga"",""job_sequence"":3,""lot_label"":""Res 3"",""postcode"":""5161"",""project_number"":1116,""project_type"":""residential"",""street"":""Brodie Road"",""street_2"":""Res 3"",""street_number"":""24"",""suburb"":""Reynella""}"
759,2362,PWA,,City of Tea Tree Gully,1,Res 1,,,,5090,1117,residential,,,,A Awoonga Road,Res 1,83,Hope Valley,,"{""agreement"":""PWA"",""council"":""City of Tea Tree Gully"",""job_sequence"":1,""lot_label"":""Res 1"",""postcode"":""5090"",""project_number"":1117,""project_type"":""residential"",""street"":""A Awoonga Road"",""street_2"":""Res 1"",""street_number"":""83"",""suburb"":""Hope Valley""}"
760,2363,PWA,,City of Tea Tree Gully,2,Res 2,,,,5090,1117,residential,,,,A Awoonga Road,Res 2,83,Hope Valley,,"{""agreement"":""PWA"",""council"":""City of Tea Tree Gully"",""job_sequence"":2,""lot_label"":""Res 2"",""postcode"":""5090"",""project_number"":1117,""project_type"":""residential"",""street"":""A Awoonga Road"",""street_2"":""Res 2"",""street_number"":""83"",""suburb"":""Hope Valley""}"
761,2364,PWA,,City of Tea Tree Gully,3,Res 3,,,,5090,1117,residential,,,,A Awoonga Road,Res 3,83,Hope Valley,,"{""agreement"":""PWA"",""council"":""City of Tea Tree Gully"",""job_sequence"":3,""lot_label"":""Res 3"",""postcode"":""5090"",""project_number"":1117,""project_type"":""residential"",""street"":""A Awoonga Road"",""street_2"":""Res 3"",""street_number"":""83"",""suburb"":""Hope Valley""}"
762,2365,PWA,,City of Tea Tree Gully,4,Res 4,,,,5090,1117,residential,,,,A Awoonga Road,Res 4,83,Hope Valley,,"{""agreement"":""PWA"",""council"":""City of Tea Tree Gully"",""job_sequence"":4,""lot_label"":""Res 4"",""postcode"":""5090"",""project_number"":1117,""project_type"":""residential"",""street"":""A Awoonga Road"",""street_2"":""Res 4"",""street_number"":""83"",""suburb"":""Hope Valley""}"
763,2366,PWA,,City of Tea Tree Gully,5,Res 5,,,,5090,1117,residential,,,,A Awoonga Road,Res 5,83,Hope Valley,,"{""agreement"":""PWA"",""council"":""City of Tea Tree Gully"",""job_sequence"":5,""lot_label"":""Res 5"",""postcode"":""5090"",""project_number"":1117,""project_type"":""residential"",""street"":""A Awoonga Road"",""street_2"":""Res 5"",""street_number"":""83"",""suburb"":""Hope Valley""}"
764,2367,PWA,,City of Tea Tree Gully,6,Res 6,,,,5090,1117,residential,,,,A Awoonga Road,Res 6,83,Hope Valley,,"{""agreement"":""PWA"",""council"":""City of Tea Tree Gully"",""job_sequence"":6,""lot_label"":""Res 6"",""postcode"":""5090"",""project_number"":1117,""project_type"":""residential"",""street"":""A Awoonga Road"",""street_2"":""Res 6"",""street_number"":""83"",""suburb"":""Hope Valley""}"
765,2368,PWA,,City of Tea Tree Gully,7,Res 7,,,,5090,1117,residential,,,,A Awoonga Road,Res 7,83,Hope Valley,,"{""agreement"":""PWA"",""council"":""City of Tea Tree Gully"",""job_sequence"":7,""lot_label"":""Res 7"",""postcode"":""5090"",""project_number"":1117,""project_type"":""residential"",""street"":""A Awoonga Road"",""street_2"":""Res 7"",""street_number"":""83"",""suburb"":""Hope Valley""}"
766,2369,PWA,,City of Tea Tree Gully,8,Res 8,,,,5090,1117,residential,,,,A Awoonga Road,Res 8,83,Hope Valley,,"{""agreement"":""PWA"",""council"":""City of Tea Tree Gully"",""job_sequence"":8,""lot_label"":""Res 8"",""postcode"":""5090"",""project_number"":1117,""project_type"":""residential"",""street"":""A Awoonga Road"",""street_2"":""Res 8"",""street_number"":""83"",""suburb"":""Hope Valley""}"
767,2370,PWA,,City of Tea Tree Gully,9,Res 9,,,,5090,1117,residential,,,,A Awoonga Road,Res 9,83,Hope Valley,,"{""agreement"":""PWA"",""council"":""City of Tea Tree Gully"",""job_sequence"":9,""lot_label"":""Res 9"",""postcode"":""5090"",""project_number"":1117,""project_type"":""residential"",""street"":""A Awoonga Road"",""street_2"":""Res 9"",""street_number"":""83"",""suburb"":""Hope Valley""}"
768,2371,PWA,,City of Tea Tree Gully,10,Res 10,,,,5090,1117,residential,,,,A Awoonga Road,Res 10,83,Hope Valley,,"{""agreement"":""PWA"",""council"":""City of Tea Tree Gully"",""job_sequence"":10,""lot_label"":""Res 10"",""postcode"":""5090"",""project_number"":1117,""project_type"":""residential"",""street"":""A Awoonga Road"",""street_2"":""Res 10"",""street_number"":""83"",""suburb"":""Hope Valley""}"
769,2372,PWA,,City of Tea Tree Gully,11,Res 11,,,,5090,1117,residential,,,,A Awoonga Road,Res 11,83,Hope Valley,,"{""agreement"":""PWA"",""council"":""City of Tea Tree Gully"",""job_sequence"":11,""lot_label"":""Res 11"",""postcode"":""5090"",""project_number"":1117,""project_type"":""residential"",""street"":""A Awoonga Road"",""street_2"":""Res 11"",""street_number"":""83"",""suburb"":""Hope Valley""}"
770,2373,PWA,,City of Tea Tree Gully,12,Res 12,,,,5090,1117,residential,,,,A Awoonga Road,Res 12,83,Hope Valley,,"{""agreement"":""PWA"",""council"":""City of Tea Tree Gully"",""job_sequence"":12,""lot_label"":""Res 12"",""postcode"":""5090"",""project_number"":1117,""project_type"":""residential"",""street"":""A Awoonga Road"",""street_2"":""Res 12"",""street_number"":""83"",""suburb"":""Hope Valley""}"
771,2374,PWA,,City of Tea Tree Gully,13,Res 13,,,,5090,1117,residential,,,,A Awoonga Road,Res 13,83,Hope Valley,,"{""agreement"":""PWA"",""council"":""City of Tea Tree Gully"",""job_sequence"":13,""lot_label"":""Res 13"",""postcode"":""5090"",""project_number"":1117,""project_type"":""residential"",""street"":""A Awoonga Road"",""street_2"":""Res 13"",""street_number"":""83"",""suburb"":""Hope Valley""}"
772,2375,PWA,,City of Tea Tree Gully,14,Res 14,,,,5090,1117,residential,,,,A Awoonga Road,Res 14,83,Hope Valley,,"{""agreement"":""PWA"",""council"":""City of Tea Tree Gully"",""job_sequence"":14,""lot_label"":""Res 14"",""postcode"":""5090"",""project_number"":1117,""project_type"":""residential"",""street"":""A Awoonga Road"",""street_2"":""Res 14"",""street_number"":""83"",""suburb"":""Hope Valley""}"
773,2376,PWA,,City of Tea Tree Gully,15,Res 15,,,,5090,1117,residential,,,,A Awoonga Road,Res 15,83,Hope Valley,,"{""agreement"":""PWA"",""council"":""City of Tea Tree Gully"",""job_sequence"":15,""lot_label"":""Res 15"",""postcode"":""5090"",""project_number"":1117,""project_type"":""residential"",""street"":""A Awoonga Road"",""street_2"":""Res 15"",""street_number"":""83"",""suburb"":""Hope Valley""}"
774,2377,PWA,,City of Tea Tree Gully,16,Res 16,,,,5090,1117,residential,,,,A Awoonga Road,Res 16,83,Hope Valley,,"{""agreement"":""PWA"",""council"":""City of Tea Tree Gully"",""job_sequence"":16,""lot_label"":""Res 16"",""postcode"":""5090"",""project_number"":1117,""project_type"":""residential"",""street"":""A Awoonga Road"",""street_2"":""Res 16"",""street_number"":""83"",""suburb"":""Hope Valley""}"
775,2378,PWA,,City of Tea Tree Gully,17,Res 17,,,,5090,1117,residential,,,,A Awoonga Road,Res 17,83,Hope Valley,,"{""agreement"":""PWA"",""council"":""City of Tea Tree Gully"",""job_sequence"":17,""lot_label"":""Res 17"",""postcode"":""5090"",""project_number"":1117,""project_type"":""residential"",""street"":""A Awoonga Road"",""street_2"":""Res 17"",""street_number"":""83"",""suburb"":""Hope Valley""}"
776,2379,PWA,,City of Tea Tree Gully,18,Res 18,,,,5090,1117,residential,,,,A Awoonga Road,Res 18,83,Hope Valley,,"{""agreement"":""PWA"",""council"":""City of Tea Tree Gully"",""job_sequence"":18,""lot_label"":""Res 18"",""postcode"":""5090"",""project_number"":1117,""project_type"":""residential"",""street"":""A Awoonga Road"",""street_2"":""Res 18"",""street_number"":""83"",""suburb"":""Hope Valley""}"
777,2380,PWA,,City of Tea Tree Gully,19,Res 19,,,,5090,1117,residential,,,,A Awoonga Road,Res 19,83,Hope Valley,,"{""agreement"":""PWA"",""council"":""City of Tea Tree Gully"",""job_sequence"":19,""lot_label"":""Res 19"",""postcode"":""5090"",""project_number"":1117,""project_type"":""residential"",""street"":""A Awoonga Road"",""street_2"":""Res 19"",""street_number"":""83"",""suburb"":""Hope Valley""}"
778,2381,PWA,,City of Tea Tree Gully,20,Res 20,,,,5090,1117,residential,,,,A Awoonga Road,Res 20,83,Hope Valley,,"{""agreement"":""PWA"",""council"":""City of Tea Tree Gully"",""job_sequence"":20,""lot_label"":""Res 20"",""postcode"":""5090"",""project_number"":1117,""project_type"":""residential"",""street"":""A Awoonga Road"",""street_2"":""Res 20"",""street_number"":""83"",""suburb"":""Hope Valley""}"
779,2382,PWA,,City of Tea Tree Gully,21,Res 21,,,,5090,1117,residential,,,,A Awoonga Road,Res 21,83,Hope Valley,,"{""agreement"":""PWA"",""council"":""City of Tea Tree Gully"",""job_sequence"":21,""lot_label"":""Res 21"",""postcode"":""5090"",""project_number"":1117,""project_type"":""residential"",""street"":""A Awoonga Road"",""street_2"":""Res 21"",""street_number"":""83"",""suburb"":""Hope Valley""}"
780,2383,PWA,,City of Tea Tree Gully,22,Res 22,,,,5090,1117,residential,,,,A Awoonga Road,Res 22,83,Hope Valley,,"{""agreement"":""PWA"",""council"":""City of Tea Tree Gully"",""job_sequence"":22,""lot_label"":""Res 22"",""postcode"":""5090"",""project_number"":1117,""project_type"":""residential"",""street"":""A Awoonga Road"",""street_2"":""Res 22"",""street_number"":""83"",""suburb"":""Hope Valley""}"
781,2384,PWA,,City of Tea Tree Gully,23,Res 23,,,,5090,1117,residential,,,,A Awoonga Road,Res 23,83,Hope Valley,,"{""agreement"":""PWA"",""council"":""City of Tea Tree Gully"",""job_sequence"":23,""lot_label"":""Res 23"",""postcode"":""5090"",""project_number"":1117,""project_type"":""residential"",""street"":""A Awoonga Road"",""street_2"":""Res 23"",""street_number"":""83"",""suburb"":""Hope Valley""}"
782,2385,PWA,,City of Tea Tree Gully,24,Res 24,,,,5090,1117,residential,,,,A Awoonga Road,Res 24,83,Hope Valley,,"{""agreement"":""PWA"",""council"":""City of Tea Tree Gully"",""job_sequence"":24,""lot_label"":""Res 24"",""postcode"":""5090"",""project_number"":1117,""project_type"":""residential"",""street"":""A Awoonga Road"",""street_2"":""Res 24"",""street_number"":""83"",""suburb"":""Hope Valley""}"
783,2386,PWA,,City of Tea Tree Gully,25,Res 25,,,,5090,1117,residential,,,,A Awoonga Road,Res 25,83,Hope Valley,,"{""agreement"":""PWA"",""council"":""City of Tea Tree Gully"",""job_sequence"":25,""lot_label"":""Res 25"",""postcode"":""5090"",""project_number"":1117,""project_type"":""residential"",""street"":""A Awoonga Road"",""street_2"":""Res 25"",""street_number"":""83"",""suburb"":""Hope Valley""}"
784,2387,PWA,,City of Tea Tree Gully,26,Res 26,,,,5090,1117,residential,,,,A Awoonga Road,Res 26,83,Hope Valley,,"{""agreement"":""PWA"",""council"":""City of Tea Tree Gully"",""job_sequence"":26,""lot_label"":""Res 26"",""postcode"":""5090"",""project_number"":1117,""project_type"":""residential"",""street"":""A Awoonga Road"",""street_2"":""Res 26"",""street_number"":""83"",""suburb"":""Hope Valley""}"
785,2388,PWA,,City of Tea Tree Gully,27,Res 27,,,,5090,1117,residential,,,,A Awoonga Road,Res 27,83,Hope Valley,,"{""agreement"":""PWA"",""council"":""City of Tea Tree Gully"",""job_sequence"":27,""lot_label"":""Res 27"",""postcode"":""5090"",""project_number"":1117,""project_type"":""residential"",""street"":""A Awoonga Road"",""street_2"":""Res 27"",""street_number"":""83"",""suburb"":""Hope Valley""}"
786,2389,PWA,,City of Tea Tree Gully,28,Res 28,,,,5090,1117,residential,,,,A Awoonga Road,Res 28,83,Hope Valley,,"{""agreement"":""PWA"",""council"":""City of Tea Tree Gully"",""job_sequence"":28,""lot_label"":""Res 28"",""postcode"":""5090"",""project_number"":1117,""project_type"":""residential"",""street"":""A Awoonga Road"",""street_2"":""Res 28"",""street_number"":""83"",""suburb"":""Hope Valley""}"
787,2390,PWA,,City of Tea Tree Gully,29,Res 29,,,,5090,1117,residential,,,,A Awoonga Road,Res 29,83,Hope Valley,,"{""agreement"":""PWA"",""council"":""City of Tea Tree Gully"",""job_sequence"":29,""lot_label"":""Res 29"",""postcode"":""5090"",""project_number"":1117,""project_type"":""residential"",""street"":""A Awoonga Road"",""street_2"":""Res 29"",""street_number"":""83"",""suburb"":""Hope Valley""}"
788,2391,PWA,,City of Tea Tree Gully,30,Res 30,,,,5090,1117,residential,,,,A Awoonga Road,Res 30,83,Hope Valley,,"{""agreement"":""PWA"",""council"":""City of Tea Tree Gully"",""job_sequence"":30,""lot_label"":""Res 30"",""postcode"":""5090"",""project_number"":1117,""project_type"":""residential"",""street"":""A Awoonga Road"",""street_2"":""Res 30"",""street_number"":""83"",""suburb"":""Hope Valley""}"
789,2392,PWA,,City of Marion,1,Res 1,,,,5047,1118,residential,,,,Riders Street,Res 1,9,Seacombe Gardens,,"{""agreement"":""PWA"",""council"":""City of Marion"",""job_sequence"":1,""lot_label"":""Res 1"",""postcode"":""5047"",""project_number"":1118,""project_type"":""residential"",""street"":""Riders Street"",""street_2"":""Res 1"",""street_number"":""9"",""suburb"":""Seacombe Gardens""}"
790,2393,PWA,,City of Marion,2,Res 2,,,,5047,1118,residential,,,,Riders Street,Res 2,9,Seacombe Gardens,,"{""agreement"":""PWA"",""council"":""City of Marion"",""job_sequence"":2,""lot_label"":""Res 2"",""postcode"":""5047"",""project_number"":1118,""project_type"":""residential"",""street"":""Riders Street"",""street_2"":""Res 2"",""street_number"":""9"",""suburb"":""Seacombe Gardens""}"
791,2394,PWA,,City of Marion,3,Res 3,,,,5047,1118,residential,,,,Riders Street,Res 3,9,Seacombe Gardens,,"{""agreement"":""PWA"",""council"":""City of Marion"",""job_sequence"":3,""lot_label"":""Res 3"",""postcode"":""5047"",""project_number"":1118,""project_type"":""residential"",""street"":""Riders Street"",""street_2"":""Res 3"",""street_number"":""9"",""suburb"":""Seacombe Gardens""}"
792,2395,PWA,,City of Port Adelaide Enfield,1,Res 1,,,,5087,1119,residential,,,,Howard Street,Res 1,27,Windsor Gardens,,"{""agreement"":""PWA"",""council"":""City of Port Adelaide Enfield"",""job_sequence"":1,""lot_label"":""Res 1"",""postcode"":""5087"",""project_number"":1119,""project_type"":""residential"",""street"":""Howard Street"",""street_2"":""Res 1"",""street_number"":""27"",""suburb"":""Windsor Gardens""}"
793,2396,PWA,,City of Port Adelaide Enfield,2,Res 2,,,,5087,1119,residential,,,,Howard Street,Res 2,27,Windsor Gardens,,"{""agreement"":""PWA"",""council"":""City of Port Adelaide Enfield"",""job_sequence"":2,""lot_label"":""Res 2"",""postcode"":""5087"",""project_number"":1119,""project_type"":""residential"",""street"":""Howard Street"",""street_2"":""Res 2"",""street_number"":""27"",""suburb"":""Windsor Gardens""}"
794,2397,PWA,,City of Port Adelaide Enfield,3,Res 3,,,,5087,1119,residential,,,,Howard Street,Res 3,27,Windsor Gardens,,"{""agreement"":""PWA"",""council"":""City of Port Adelaide Enfield"",""job_sequence"":3,""lot_label"":""Res 3"",""postcode"":""5087"",""project_number"":1119,""project_type"":""residential"",""street"":""Howard Street"",""street_2"":""Res 3"",""street_number"":""27"",""suburb"":""Windsor Gardens""}"
795,2398,PWA,,City of Port Adelaide Enfield,4,Res 4,,,,5087,1119,residential,,,,Howard Street,Res 4,27,Windsor Gardens,,"{""agreement"":""PWA"",""council"":""City of Port Adelaide Enfield"",""job_sequence"":4,""lot_label"":""Res 4"",""postcode"":""5087"",""project_number"":1119,""project_type"":""residential"",""street"":""Howard Street"",""street_2"":""Res 4"",""street_number"":""27"",""suburb"":""Windsor Gardens""}"
796,2399,,,City of Onkaparinga,1,Res 1,,,,5161,1120,residential,,,,Brodie Road,Res 1,14,Reynella,,"{""council"":""City of Onkaparinga"",""job_sequence"":1,""lot_label"":""Res 1"",""postcode"":""5161"",""project_number"":1120,""project_type"":""residential"",""street"":""Brodie Road"",""street_2"":""Res 1"",""street_number"":""14"",""suburb"":""Reynella""}"
797,2400,,,City of Onkaparinga,2,Res 2,,,,5161,1120,residential,,,,Brodie Road,Res 2,14,Reynella,,"{""council"":""City of Onkaparinga"",""job_sequence"":2,""lot_label"":""Res 2"",""postcode"":""5161"",""project_number"":1120,""project_type"":""residential"",""street"":""Brodie Road"",""street_2"":""Res 2"",""street_number"":""14"",""suburb"":""Reynella""}"
798,2401,,,City of Onkaparinga,3,Res 3,,,,5161,1120,residential,,,,Brodie Road,Res 3,14,Reynella,,"{""council"":""City of Onkaparinga"",""job_sequence"":3,""lot_label"":""Res 3"",""postcode"":""5161"",""project_number"":1120,""project_type"":""residential"",""street"":""Brodie Road"",""street_2"":""Res 3"",""street_number"":""14"",""suburb"":""Reynella""}"
799,2402,,,City of Marion,1,Res 1,,,,5046,1121,residential,,,,A Launceston Ave,Res 1,2,Warradale,,"{""council"":""City of Marion"",""job_sequence"":1,""lot_label"":""Res 1"",""postcode"":""5046"",""project_number"":1121,""project_type"":""residential"",""street"":""A Launceston Ave"",""street_2"":""Res 1"",""street_number"":""2"",""suburb"":""Warradale""}"
800,2403,,,City of Marion,2,Res 2,,,,5046,1121,residential,,,,A Launceston Ave,Res 2,2,Warradale,,"{""council"":""City of Marion"",""job_sequence"":2,""lot_label"":""Res 2"",""postcode"":""5046"",""project_number"":1121,""project_type"":""residential"",""street"":""A Launceston Ave"",""street_2"":""Res 2"",""street_number"":""2"",""suburb"":""Warradale""}"
801,2404,,,City of Marion,3,Res 3,,,,5046,1121,residential,,,,A Launceston Ave,Res 3,2,Warradale,,"{""council"":""City of Marion"",""job_sequence"":3,""lot_label"":""Res 3"",""postcode"":""5046"",""project_number"":1121,""project_type"":""residential"",""street"":""A Launceston Ave"",""street_2"":""Res 3"",""street_number"":""2"",""suburb"":""Warradale""}"
